urun_fiyat,ekran_ekran_boyutu,ekran_ekran_teknolojisi,ekran_ekran_çözünürlüğü_standardı,ekran_ekran_yenileme_hızı,batarya_batarya_kapasitesi_tipik,batarya_hızlı_şarj,batarya_hızlı_şarj_gücü_maks.,batarya_kablosuz_şarj,kamera_kamera_çözünürlüğü,kamera_optik_görüntü_sabitleyici_ois,kamera_video_kayıt_çözünürlüğü,kamera_video_fps_değeri,kamera_ön_kamera_çözünürlüğü,temel_donanim_cpu_çekirdeği,temel_donanim_cpu_üretim_teknolojisi,temel_donanim_antutu_puanı_v10,temel_donanim_bellek_ram,temel_donanim_dahili_depolama,tasarim_kalınlık,tasarim_ağırlık,tasarim_gövde_malzemesi_kapak,ağ_bağlantilari_5g,kablosuz_bağlantilar_bluetooth_versiyonu,kablosuz_bağlantilar_nfc,i̇şleti̇m_si̇stemi̇_i̇şletim_sistemi,özelli̇kler_suya_dayanıklılık
11.445727410406752,69.0,OLED,FHD+,120.0,4832.0,1.0,40.0,1,48.0,1.0,2160p (Ultra HD) 4K,60.0,18.0,6.0,3.0,2697900.0,12.0,256.0,875.0,231.0,Cam,1,6.0,1.0,iOS,1.0
10.772686676876432,61.0,OLED,FHD+,60.0,3349.0,1.0,20.0,1,48.0,1.0,2160p (Ultra HD) 4K,60.0,12.0,6.0,4.0,1753700.0,6.0,128.0,78.0,171.0,Cam,1,5.3,1.0,iOS,1.0
10.355599259176323,67.0,Dynamic AMOLED,FHD+,120.0,4900.0,1.0,45.0,1,50.0,1.0,4320p (Ultra HD) 8K,30.0,12.0,10.0,4.0,1810600.0,8.0,256.0,74.0,190.0,Cam,1,5.4,1.0,Android,1.0
11.177452728682098,63.0,OLED,FHD+,120.0,3692.0,1.0,40.0,1,48.0,1.0,2160p (Ultra HD) 4K,60.0,18.0,6.0,3.0,2542200.0,8.0,256.0,795.0,177.0,Cam,1,6.0,1.0,iOS,1.0
10.581419567289593,683.0,AMOLED,FHD+,144.0,5500.0,1.0,90.0,1,50.0,1.0,4320p (Ultra HD) 8K,30.0,32.0,8.0,3.0,2393700.0,12.0,512.0,796.0,210.0,Fiberglass,1,6.0,1.0,Android,1.0
9.987185111557695,67.0,Super AMOLED,FHD+,120.0,5000.0,1.0,45.0,0,50.0,1.0,2160p (Ultra HD) 4K,30.0,12.0,8.0,4.0,910500.0,8.0,256.0,74.0,198.0,Cam,1,5.3,1.0,Android,1.0
11.466881526468821,63.0,OLED,FHD+,120.0,3988.0,1.0,40.0,1,48.0,1.0,2160p (Ultra HD) 4K,60.0,18.0,6.0,3.0,2430600.0,12.0,256.0,875.0,204.0,Cam,1,6.0,1.0,iOS,1.0
11.350406535472453,678.0,AMOLED,FHD+,120.0,7500.0,1.0,80.0,1,50.0,1.0,2160p (Ultra HD) 4K,60.0,50.0,8.0,3.0,2719600.0,16.0,512.0,825.0,224.0,,1,6.0,1.0,Android,1.0
10.977168112527893,61.0,OLED,FHD+,60.0,3561.0,1.0,25.0,1,48.0,1.0,2160p (Ultra HD) 4K,60.0,12.0,6.0,3.0,1517700.0,8.0,128.0,78.0,170.0,Cam,1,5.3,1.0,iOS,1.0
10.658798875125242,683.0,AMOLED,FHD+,144.0,5500.0,1.0,90.0,1,50.0,1.0,4320p (Ultra HD) 8K,30.0,32.0,8.0,3.0,2393700.0,12.0,256.0,796.0,210.0,Fiberglass,1,6.0,1.0,Android,1.0
11.289781913656018,671.0,OLED,FHD+,120.0,7100.0,1.0,100.0,1,50.0,1.0,2160p (Ultra HD) 4K,60.0,50.0,8.0,3.0,,12.0,512.0,832.0,219.0,,1,6.0,1.0,Android,1.0
10.086267337660777,61.0,OLED,FHD+,60.0,3227.0,1.0,20.0,1,12.0,1.0,2160p (Ultra HD) 4K,60.0,12.0,6.0,5.0,1550800.0,4.0,128.0,765.0,174.0,Cam,1,5.0,1.0,iOS,1.0
9.423388333887711,667.0,AMOLED,FHD+,120.0,5500.0,1.0,45.0,0,200.0,1.0,1080p (Full HD),60.0,32.0,8.0,6.0,423900.0,8.0,256.0,824.0,180.0,Plastik (Cam Görünümlü),0,5.3,1.0,Android,1.0
9.783860755696242,67.0,Super AMOLED,FHD+,120.0,5000.0,1.0,45.0,0,50.0,1.0,2160p (Ultra HD) 4K,30.0,12.0,8.0,4.0,655200.0,8.0,256.0,74.0,195.0,Cam,1,5.4,1.0,Android,1.0
9.998615897627705,667.0,AMOLED,FHD+,120.0,6000.0,1.0,90.0,0,50.0,1.0,2160p (Ultra HD) 4K,60.0,20.0,8.0,4.0,1700100.0,12.0,512.0,829.0,195.0,Kauçuk/Plastik (Deri Görünümlü) | Plastik (Cam Görünümlü),1,6.0,1.0,Android,1.0
10.492662142713096,67.0,AMOLED,FHD+,120.0,6000.0,1.0,100.0,1,200.0,1.0,2160p (Ultra HD) 4K,60.0,50.0,8.0,4.0,1902700.0,12.0,512.0,81.0,205.0,,1,5.4,1.0,Android,1.0
11.23142464912873,69.0,Dynamic AMOLED,QHD+,120.0,5000.0,1.0,45.0,1,200.0,1.0,4320p (Ultra HD) 8K,30.0,12.0,8.0,3.0,2551600.0,12.0,256.0,82.0,218.0,Cam,1,5.4,1.0,Android,1.0
10.774780918479548,62.0,Dynamic AMOLED,FHD+,120.0,4000.0,1.0,25.0,1,50.0,1.0,4320p (Ultra HD) 8K,30.0,12.0,8.0,3.0,2193700.0,12.0,256.0,72.0,162.0,Cam,1,5.4,1.0,Android,1.0
11.119882876860622,631.0,AMOLED,FHD+,120.0,6040.0,1.0,90.0,1,200.0,1.0,2160p (Ultra HD) 4K,60.0,50.0,8.0,3.0,2554000.0,16.0,512.0,795.0,190.0,Cam,1,6.0,1.0,Android,1.0
10.605990828020099,61.0,OLED,FHD+,60.0,4005.0,1.0,20.0,1,48.0,1.0,2160p (Ultra HD) 4K,60.0,12.0,6.0,3.0,1405700.0,8.0,128.0,78.0,167.0,Cam,1,5.3,1.0,iOS,1.0
10.571316925111784,67.0,Dynamic AMOLED,QHD+,120.0,4900.0,1.0,45.0,1,50.0,1.0,4320p (Ultra HD) 8K,30.0,12.0,10.0,4.0,1827100.0,12.0,256.0,77.0,196.0,Cam,1,5.3,1.0,Android,1.0
10.362785959820085,62.0,Dynamic AMOLED,FHD+,120.0,4000.0,1.0,25.0,1,50.0,1.0,4320p (Ultra HD) 8K,30.0,12.0,10.0,4.0,1851600.0,8.0,256.0,76.0,167.0,Cam,1,5.3,1.0,Android,1.0
9.827457118251091,677.0,AMOLED,FHD+,120.0,6500.0,1.0,45.0,0,200.0,1.0,1080p (Full HD),60.0,32.0,8.0,6.0,,8.0,256.0,796.0,195.0,,0,5.3,1.0,Android,1.0
9.11363341713563,69.0,IPS LCD,HD+,120.0,6000.0,1.0,33.0,0,50.0,0.0,1080p (Full HD),30.0,8.0,8.0,12.0,274600.0,8.0,256.0,799.0,205.0,,0,5.4,1.0,Android,1.0
11.429201297364656,69.0,OLED,FHD+,120.0,4685.0,1.0,30.0,1,48.0,1.0,2160p (Ultra HD) 4K,60.0,12.0,6.0,3.0,1949200.0,8.0,256.0,825.0,227.0,Cam,1,5.3,1.0,iOS,1.0
9.568014816247999,67.0,Super AMOLED,FHD+,120.0,5000.0,1.0,25.0,0,50.0,1.0,2160p (Ultra HD) 4K,30.0,13.0,8.0,5.0,599200.0,8.0,256.0,77.0,200.0,Cam,1,5.3,1.0,Android,1.0
11.093947214225787,68.0,Dynamic AMOLED,QHD+,120.0,5000.0,1.0,45.0,1,200.0,1.0,4320p (Ultra HD) 8K,30.0,12.0,8.0,4.0,2019200.0,12.0,256.0,86.0,232.0,Cam,1,5.3,1.0,Android,1.0
9.95227771670556,679.0,AMOLED,FHD+,120.0,7500.0,1.0,66.0,0,108.0,1.0,2160p (Ultra HD) 4K,30.0,16.0,8.0,4.0,754200.0,8.0,256.0,776.0,189.0,Plastik (Cam Görünümlü),1,5.2,1.0,Android,1.0
8.955448122347393,67.0,PLS,HD+,90.0,5000.0,1.0,25.0,0,50.0,0.0,1080p (Full HD),30.0,8.0,8.0,6.0,394400.0,4.0,128.0,76.0,184.0,Plastik (Cam Görünümlü),0,5.3,0.0,Android,1.0
11.277297810511259,69.0,Dynamic AMOLED,QHD+,120.0,5000.0,1.0,45.0,1,200.0,1.0,4320p (Ultra HD) 8K,30.0,12.0,8.0,3.0,2551600.0,12.0,512.0,82.0,218.0,Cam,1,5.4,1.0,Android,1.0
9.970722279392168,667.0,AMOLED,FHD+,120.0,6000.0,1.0,90.0,0,50.0,1.0,2160p (Ultra HD) 4K,60.0,20.0,8.0,4.0,1700100.0,8.0,256.0,829.0,195.0,Kauçuk/Plastik (Deri Görünümlü) | Plastik (Cam Görünümlü),1,6.0,1.0,Android,1.0
9.493039550406126,67.0,Super AMOLED,FHD+,90.0,5000.0,1.0,25.0,0,50.0,1.0,1080p (Full HD),30.0,13.0,8.0,5.0,463100.0,8.0,256.0,75.0,192.0,,1,5.3,1.0,Android,1.0
10.886501916453192,61.0,OLED,FHD+,60.0,3349.0,1.0,20.0,1,48.0,1.0,2160p (Ultra HD) 4K,60.0,12.0,6.0,4.0,1753700.0,6.0,256.0,78.0,171.0,Cam,1,5.3,1.0,iOS,1.0
11.26446410567173,63.0,OLED,FHD+,120.0,3582.0,1.0,25.0,1,48.0,1.0,2160p (Ultra HD) 4K,60.0,12.0,6.0,3.0,1853700.0,8.0,128.0,825.0,199.0,Cam,1,5.3,1.0,iOS,1.0
11.03488966402723,67.0,Dynamic AMOLED,QHD+,120.0,4900.0,1.0,45.0,1,50.0,1.0,4320p (Ultra HD) 8K,30.0,12.0,8.0,3.0,2258900.0,12.0,256.0,73.0,190.0,Cam,1,5.4,1.0,Android,1.0
9.425528361561735,67.0,Super AMOLED,FHD+,120.0,5000.0,1.0,25.0,0,50.0,1.0,2160p (Ultra HD) 4K,30.0,13.0,8.0,5.0,583300.0,6.0,128.0,77.0,200.0,Cam,1,5.3,1.0,Android,1.0
10.356997467739063,683.0,AMOLED,FHD+,120.0,5500.0,1.0,67.0,0,50.0,1.0,2160p (Ultra HD) 4K,60.0,32.0,8.0,4.0,1640700.0,12.0,256.0,75.0,194.0,Plastik (Cam Görünümlü),1,6.0,1.0,Android,1.0
9.71807983845394,657.0,AMOLED,FHD+,120.0,7000.0,1.0,80.0,0,50.0,0.0,1080p (Full HD),60.0,16.0,8.0,6.0,,8.0,256.0,8.0,185.0,,1,5.4,1.0,Android,1.0
11.254326741944388,67.0,OLED,FHD+,120.0,4441.0,1.0,20.0,1,48.0,1.0,2160p (Ultra HD) 4K,60.0,12.0,6.0,3.0,1740400.0,8.0,256.0,825.0,221.0,Cam,1,5.3,1.0,iOS,1.0
11.400637565857323,678.0,AMOLED,FHD+,120.0,6510.0,1.0,90.0,1,50.0,1.0,4320p (Ultra HD) 8K,30.0,50.0,8.0,3.0,2982900.0,16.0,512.0,799.0,226.0,Cam,1,5.4,1.0,Android,1.0
10.346986772628886,683.0,AMOLED,FHD+,120.0,6500.0,1.0,100.0,0,200.0,1.0,2160p (Ultra HD) 4K,30.0,32.0,8.0,4.0,,8.0,256.0,847.0,2071.0,,1,5.4,1.0,Android,1.0
11.225243392518447,678.0,AMOLED,FHD+,165.0,7300.0,1.0,120.0,1,50.0,1.0,4320p (Ultra HD) 8K,30.0,32.0,8.0,3.0,2790200.0,16.0,512.0,82.0,215.0,,1,6.0,1.0,Android,1.0
10.925938480238674,68.0,OLED,FHD+,120.0,5850.0,1.0,100.0,1,50.0,1.0,2160p (Ultra HD) 4K,60.0,50.0,8.0,3.0,2727900.0,12.0,512.0,88.0,223.0,Cam,1,5.4,1.0,Android,1.0
11.767567605824427,69.0,OLED,FHD+,120.0,4832.0,1.0,40.0,1,48.0,1.0,2160p (Ultra HD) 4K,60.0,18.0,6.0,3.0,2697900.0,12.0,512.0,875.0,231.0,Cam,1,6.0,1.0,iOS,1.0
10.190807059268902,683.0,AMOLED,FHD+,120.0,6580.0,1.0,45.0,0,200.0,1.0,2160p (Ultra HD) 4K,30.0,20.0,8.0,4.0,,8.0,256.0,796.0,210.0,,1,5.4,1.0,Android,1.0
11.222573163962569,65.0,OLED,FHD+,120.0,3149.0,1.0,20.0,1,48.0,1.0,2160p (Ultra HD) 4K,60.0,18.0,6.0,3.0,2123800.0,12.0,256.0,564.0,165.0,Cam,1,6.0,1.0,iOS,1.0
10.764571024654122,62.0,Dynamic AMOLED,FHD+,120.0,4000.0,1.0,25.0,1,50.0,1.0,4320p (Ultra HD) 8K,30.0,12.0,8.0,3.0,2193700.0,12.0,128.0,72.0,162.0,Cam,1,5.4,1.0,Android,1.0
9.336973022909548,69.0,IPS LCD,FHD+,144.0,7000.0,1.0,33.0,0,50.0,0.0,1080p (Full HD),30.0,8.0,8.0,6.0,372100.0,8.0,256.0,84.0,214.0,,0,5.0,1.0,Android,1.0
10.346601626429049,683.0,AMOLED,FHD+,120.0,5500.0,1.0,67.0,0,50.0,1.0,2160p (Ultra HD) 4K,60.0,32.0,8.0,4.0,1640700.0,12.0,512.0,75.0,194.0,Plastik (Cam Görünümlü),1,6.0,1.0,Android,1.0
9.352107259626381,667.0,AMOLED,FHD+,120.0,5500.0,1.0,33.0,0,108.0,0.0,1080p (Full HD),60.0,20.0,8.0,6.0,443500.0,8.0,256.0,816.0,1965.0,Plastik (Cam Görünümlü),0,5.3,1.0,Android,1.0
9.694361544790091,67.0,Super AMOLED,FHD+,120.0,5000.0,1.0,45.0,0,50.0,1.0,2160p (Ultra HD) 4K,30.0,12.0,8.0,4.0,655200.0,8.0,128.0,74.0,195.0,Cam,1,5.4,1.0,Android,1.0
11.187388242559194,61.0,OLED,FHD+,120.0,3274.0,1.0,20.0,1,48.0,1.0,2160p (Ultra HD) 4K,60.0,12.0,6.0,3.0,1791300.0,8.0,128.0,825.0,187.0,Cam,1,5.3,1.0,iOS,1.0
9.644663713360154,667.0,AMOLED,FHD+,120.0,5100.0,1.0,67.0,0,200.0,1.0,2160p (Ultra HD) 4K,30.0,16.0,8.0,4.0,581500.0,8.0,256.0,798.0,187.0,Cam,1,5.2,1.0,Android,1.0
11.270737973483964,673.0,AMOLED,QHD+,120.0,5410.0,1.0,90.0,1,50.0,1.0,4320p (Ultra HD) 8K,30.0,32.0,8.0,3.0,2661600.0,16.0,512.0,948.0,226.0,,1,6.0,1.0,Android,1.0
10.807725945886109,67.0,Dynamic AMOLED,QHD+,120.0,3900.0,1.0,25.0,1,200.0,1.0,4320p (Ultra HD) 8K,30.0,12.0,8.0,3.0,2161200.0,12.0,256.0,58.0,163.0,Cam,1,5.4,1.0,Android,1.0
10.292466168887824,67.0,Dynamic AMOLED,FHD+,120.0,4700.0,1.0,25.0,1,50.0,1.0,4320p (Ultra HD) 8K,30.0,10.0,10.0,4.0,1832742.0,8.0,256.0,8.0,213.0,Cam,1,5.3,1.0,Android,1.0
10.898179029416,636.0,AMOLED,FHD+,120.0,5240.0,1.0,90.0,1,50.0,1.0,4320p (Ultra HD) 8K,30.0,32.0,8.0,3.0,2692300.0,12.0,512.0,808.0,191.0,,1,6.0,1.0,Android,1.0
9.8633424122317,678.0,AMOLED,FHD+,144.0,5200.0,1.0,45.0,0,50.0,1.0,2160p (Ultra HD) 4K,30.0,50.0,8.0,4.0,733500.0,8.0,256.0,729.0,178.0,,1,5.4,1.0,Android,1.0
9.312896960301275,67.0,Super AMOLED,FHD+,90.0,5000.0,1.0,25.0,0,50.0,1.0,1080p (Full HD),30.0,13.0,8.0,5.0,445300.0,6.0,128.0,75.0,192.0,,1,5.3,1.0,Android,1.0
9.781428952165564,64.0,Dynamic AMOLED,FHD+,120.0,4500.0,1.0,25.0,1,12.0,1.0,2160p (Ultra HD) 4K,60.0,32.0,8.0,5.0,955800.0,8.0,128.0,79.0,177.0,Polimer (Cam Görünümlü),1,5.0,1.0,Android,1.0
10.053576422944428,655.0,AMOLED,FHD+,120.0,6000.0,1.0,80.0,0,200.0,1.0,2160p (Ultra HD) 4K,30.0,50.0,8.0,4.0,838600.0,8.0,256.0,73.0,184.0,,1,5.4,1.0,Android,1.0
9.367344120785848,667.0,IPS LCD,HD+,120.0,6000.0,1.0,45.0,0,50.0,0.0,1080p (Full HD),30.0,8.0,8.0,6.0,,8.0,256.0,799.0,194.0,,1,5.4,1.0,Android,1.0
9.602896516791432,678.0,AMOLED,FHD+,144.0,5160.0,1.0,45.0,0,50.0,0.0,1440p (Quad HD) 2K,30.0,13.0,8.0,6.0,449900.0,8.0,256.0,609.0,156.0,,1,5.4,1.0,Android,1.0
11.12652741957929,67.0,OLED,FHD+,60.0,4674.0,1.0,30.0,1,48.0,1.0,2160p (Ultra HD) 4K,60.0,12.0,6.0,3.0,1572700.0,8.0,128.0,78.0,199.0,Cam,1,5.3,1.0,iOS,1.0
10.102338411281293,655.0,AMOLED,FHD+,120.0,6000.0,1.0,80.0,0,200.0,1.0,2160p (Ultra HD) 4K,30.0,50.0,8.0,4.0,848100.0,12.0,256.0,73.0,184.0,,1,5.4,1.0,Android,1.0
10.19582128920296,667.0,AMOLED,FHD+,144.0,5000.0,1.0,67.0,0,50.0,1.0,2160p (Ultra HD) 4K,60.0,32.0,8.0,4.0,1359000.0,12.0,512.0,78.0,195.0,Plastik (Cam Görünümlü),1,5.4,1.0,Android,1.0
10.863332862022332,68.0,Dynamic AMOLED,QHD+,120.0,5000.0,1.0,45.0,1,200.0,1.0,4320p (Ultra HD) 8K,30.0,12.0,8.0,4.0,1542300.0,8.0,256.0,89.0,233.0,Cam,1,5.3,1.0,Android,1.0
9.691901950055648,667.0,AMOLED,FHD+,120.0,5500.0,1.0,45.0,0,200.0,1.0,1080p (Full HD),60.0,32.0,8.0,6.0,452700.0,12.0,512.0,824.0,180.0,Plastik (Cam Görünümlü),0,5.3,1.0,Android,1.0
9.126958763037132,67.0,Super AMOLED,FHD+,90.0,5000.0,1.0,25.0,0,50.0,0.0,1080p (Full HD),30.0,13.0,8.0,6.0,387400.0,4.0,128.0,79.0,200.0,Plastik (Cam Görünümlü),0,5.3,1.0,Android,1.0
10.399707023912757,659.0,AMOLED,FHD+,120.0,6000.0,1.0,80.0,0,50.0,1.0,2160p (Ultra HD) 4K,60.0,50.0,8.0,4.0,1384000.0,12.0,256.0,742.0,187.0,,1,5.4,1.0,Android,1.0
9.923290179832307,67.0,Super AMOLED,FHD+,120.0,5000.0,1.0,45.0,0,50.0,1.0,2160p (Ultra HD) 4K,30.0,12.0,8.0,4.0,910500.0,8.0,128.0,74.0,198.0,Cam,1,5.3,1.0,Android,1.0
10.915088464214607,69.0,AMOLED,FHD+,120.0,6500.0,1.0,100.0,1,50.0,1.0,4320p (Ultra HD) 8K,30.0,32.0,8.0,3.0,2720000.0,12.0,256.0,805.0,220.0,,1,6.0,1.0,Android,1.0
9.674019669730162,677.0,AMOLED,FHD+,120.0,6000.0,1.0,33.0,0,108.0,0.0,1080p (Full HD),60.0,20.0,8.0,6.0,421300.0,8.0,256.0,794.0,1837.0,,0,5.3,1.0,Android,1.0
10.388102662282032,62.0,Dynamic AMOLED,FHD+,120.0,4000.0,1.0,25.0,1,50.0,1.0,4320p (Ultra HD) 8K,30.0,12.0,10.0,4.0,1588900.0,8.0,128.0,76.0,167.0,Cam,1,5.3,1.0,Android,1.0
11.002089507817516,685.0,AMOLED,FHD+,144.0,7500.0,1.0,80.0,1,50.0,1.0,4320p (Ultra HD) 8K,30.0,16.0,8.0,3.0,2974500.0,12.0,256.0,89.0,230.0,Cam,1,5.4,1.0,Android,1.0
10.389026137075234,61.0,OLED,FHD+,60.0,3279.0,1.0,20.0,1,12.0,1.0,2160p (Ultra HD) 4K,60.0,12.0,6.0,5.0,1381900.0,6.0,128.0,78.0,172.0,Cam,1,5.3,1.0,iOS,1.0
10.950806546816688,632.0,OLED,FHD+,120.0,6200.0,1.0,80.0,0,200.0,1.0,2160p (Ultra HD) 4K,60.0,50.0,8.0,4.0,,12.0,512.0,813.0,188.0,,1,5.4,1.0,Android,1.0
9.792907326751548,64.0,Dynamic AMOLED,FHD+,120.0,4500.0,1.0,25.0,1,12.0,1.0,2160p (Ultra HD) 4K,60.0,32.0,8.0,5.0,941400.0,8.0,128.0,79.0,177.0,Polimer (Cam Görünümlü),1,5.0,1.0,Android,1.0
10.799575577092764,631.0,AMOLED,FHD+,120.0,6500.0,1.0,90.0,0,50.0,1.0,2160p (Ultra HD) 4K,60.0,50.0,8.0,4.0,1939800.0,12.0,256.0,799.0,186.0,Cam,1,5.4,1.0,Android,1.0
9.993520194239013,667.0,AMOLED,FHD+,120.0,5000.0,1.0,120.0,0,200.0,1.0,2160p (Ultra HD) 4K,30.0,16.0,8.0,4.0,742500.0,12.0,512.0,89.0,2045.0,Cam,1,5.3,1.0,Android,1.0
9.635505487736227,657.0,AMOLED,FHD+,120.0,7000.0,1.0,80.0,0,50.0,0.0,1080p (Full HD),60.0,16.0,8.0,6.0,428000.0,8.0,256.0,8.0,188.0,,0,5.4,1.0,Android,1.0
9.472704636443673,667.0,AMOLED,FHD+,120.0,5000.0,1.0,67.0,0,50.0,1.0,2160p (Ultra HD) 4K,30.0,16.0,8.0,6.0,599600.0,8.0,256.0,787.0,190.0,Kauçuk/Plastik (Deri Görünümlü),1,5.2,1.0,Android,1.0
11.018629143155449,69.0,AMOLED,FHD+,120.0,6500.0,1.0,100.0,1,50.0,1.0,4320p (Ultra HD) 8K,30.0,32.0,8.0,3.0,2964400.0,16.0,512.0,805.0,220.0,,1,6.0,1.0,Android,1.0
9.721097193375345,678.0,AMOLED,FHD+,144.0,5000.0,1.0,45.0,0,108.0,1.0,2160p (Ultra HD) 4K,60.0,32.0,8.0,4.0,1003900.0,12.0,256.0,815.0,194.0,,1,,1.0,Android,1.0
11.002099841204238,685.0,AMOLED,FHD+,144.0,7200.0,1.0,80.0,1,50.0,1.0,4320p (Ultra HD) 8K,30.0,16.0,8.0,3.0,2941800.0,16.0,512.0,86.0,227.0,Cam,1,6.0,1.0,Android,1.0
11.652687407345388,63.0,OLED,FHD+,120.0,3988.0,1.0,40.0,1,48.0,1.0,2160p (Ultra HD) 4K,60.0,18.0,6.0,3.0,2430600.0,12.0,512.0,875.0,204.0,Cam,1,6.0,1.0,iOS,1.0
10.096397025661302,677.0,AMOLED,FHD+,120.0,6500.0,1.0,45.0,0,200.0,1.0,1080p (Full HD),60.0,32.0,8.0,6.0,,12.0,512.0,796.0,195.0,,0,5.3,1.0,Android,1.0
10.621327345686446,659.0,AMOLED,FHD+,120.0,6210.0,1.0,100.0,0,50.0,1.0,4320p (Ultra HD) 8K,30.0,20.0,8.0,3.0,,12.0,256.0,8.0,199.0,,1,5.4,1.0,Android,1.0
9.210340371976184,67.0,Super AMOLED,FHD+,90.0,5000.0,1.0,25.0,0,50.0,1.0,1080p (Full HD),30.0,13.0,8.0,6.0,428100.0,4.0,128.0,75.0,190.0,Plastik (Cam Görünümlü),0,5.3,1.0,Android,1.0
10.522720665218625,667.0,AMOLED,FHD+,144.0,5000.0,1.0,120.0,1,50.0,1.0,4320p (Ultra HD) 8K,30.0,32.0,8.0,4.0,2017000.0,12.0,512.0,839.0,209.0,Cam,1,5.4,1.0,Android,1.0
10.757902880692196,659.0,AMOLED,FHD+,120.0,6500.0,1.0,80.0,0,50.0,1.0,2160p (Ultra HD) 4K,60.0,50.0,8.0,4.0,,12.0,256.0,789.0,197.0,,1,5.4,1.0,Android,1.0
10.596634733096073,667.0,AMOLED,FHD+,120.0,5150.0,1.0,65.0,1,50.0,1.0,2160p (Ultra HD) 4K,60.0,50.0,8.0,4.0,,12.0,256.0,899.0,218.0,,1,6.0,1.0,Android,1.0
10.308952660644293,667.0,AMOLED,FHD+,120.0,5110.0,1.0,120.0,0,200.0,1.0,2160p (Ultra HD) 4K,30.0,20.0,8.0,4.0,750300.0,12.0,512.0,875.0,210.0,Cam | Kauçuk/Plastik (Deri Görünümlü),1,5.4,1.0,Android,1.0
11.172511028078391,68.0,Dynamic AMOLED,QHD+,120.0,5000.0,1.0,45.0,1,200.0,1.0,4320p (Ultra HD) 8K,30.0,12.0,8.0,4.0,2043500.0,12.0,512.0,86.0,232.0,Cam,1,5.3,1.0,Android,1.0
10.077440859659566,683.0,AMOLED,FHD+,120.0,6500.0,1.0,100.0,0,50.0,1.0,2160p (Ultra HD) 4K,30.0,32.0,8.0,4.0,,8.0,256.0,831.0,2059.0,,1,5.4,1.0,Android,1.0
9.62911649414402,69.0,IPS LCD,FHD+,144.0,7000.0,1.0,33.0,0,50.0,0.0,1080p (Full HD),30.0,8.0,8.0,6.0,,8.0,256.0,84.0,217.0,,1,5.1,1.0,Android,1.0
10.520155875690683,636.0,AMOLED,FHD+,120.0,4610.0,1.0,90.0,1,50.0,1.0,4320p (Ultra HD) 8K,24.0,32.0,8.0,4.0,1996900.0,12.0,256.0,820.0,193.0,Cam,1,5.4,1.0,Android,1.0
9.158967074388462,688.0,IPS LCD,HD+,120.0,5160.0,1.0,,0,50.0,0.0,1080p (Full HD),30.0,13.0,8.0,12.0,270100.0,8.0,256.0,822.0,211.0,Kauçuk/Plastik (Deri Görünümlü) | Plastik (Cam Görünümlü),0,5.4,0.0,Android,1.0
9.410995340041932,667.0,AMOLED,FHD+,120.0,5000.0,1.0,67.0,0,50.0,1.0,2160p (Ultra HD) 4K,30.0,16.0,8.0,6.0,585100.0,8.0,256.0,79.0,187.0,Cam,1,5.2,1.0,Android,1.0
9.190137664658664,678.0,AMOLED,FHD+,120.0,5000.0,1.0,33.0,0,50.0,1.0,1440p (Quad HD) 2K,30.0,13.0,8.0,6.0,412400.0,8.0,256.0,762.0,180.0,Plastik (Cam Görünümlü),0,5.3,1.0,Android,1.0
10.776661993336655,61.0,OLED,FHD+,60.0,4005.0,1.0,20.0,1,48.0,1.0,2160p (Ultra HD) 4K,60.0,12.0,6.0,3.0,1405700.0,8.0,256.0,78.0,167.0,Cam,1,5.3,1.0,iOS,1.0
11.326595886778735,63.0,OLED,FHD+,120.0,3582.0,1.0,25.0,1,48.0,1.0,2160p (Ultra HD) 4K,60.0,12.0,6.0,3.0,1853700.0,8.0,256.0,825.0,199.0,Cam,1,5.3,1.0,iOS,1.0
10.766820447545506,683.0,AMOLED,FHD+,144.0,5500.0,1.0,90.0,1,50.0,1.0,4320p (Ultra HD) 8K,30.0,32.0,8.0,3.0,2393700.0,12.0,1.0,796.0,210.0,Fiberglass,1,6.0,1.0,Android,1.0
9.5643970913544,667.0,AMOLED,FHD+,120.0,5000.0,1.0,67.0,0,200.0,1.0,1080p (Full HD),60.0,16.0,8.0,6.0,430200.0,8.0,256.0,798.0,188.0,Cam,0,5.2,1.0,Android,1.0
11.35739383206604,69.0,Dynamic AMOLED,QHD+,120.0,5000.0,1.0,45.0,1,200.0,1.0,4320p (Ultra HD) 8K,30.0,12.0,8.0,3.0,2551600.0,12.0,1.0,82.0,218.0,Cam,1,5.4,1.0,Android,1.0
10.793452789392733,667.0,AMOLED,QHD+,120.0,5300.0,1.0,120.0,1,50.0,1.0,4320p (Ultra HD) 8K,24.0,32.0,8.0,3.0,2634300.0,16.0,512.0,839.0,212.0,Cam,1,6.0,1.0,Android,1.0
11.156237806664954,685.0,AMOLED,FHD+,144.0,7500.0,1.0,80.0,1,50.0,1.0,4320p (Ultra HD) 8K,30.0,16.0,8.0,3.0,3229800.0,16.0,512.0,89.0,230.0,Cam,1,5.4,1.0,Android,1.0
10.596634733096073,61.0,Dynamic AMOLED,FHD+,120.0,3700.0,1.0,25.0,1,50.0,1.0,4320p (Ultra HD) 8K,24.0,10.0,8.0,4.0,1206700.0,8.0,128.0,76.0,168.0,Cam,1,5.2,1.0,Android,1.0
7.24422751560335,40.0,Super AMOLED,SD,60.0,1500.0,0.0,,0,5.0,0.0,720p (HD),30.0,3.0,2.0,45.0,,1.0,8.0,99.0,120.0,,0,4.0,0.0,Android,0.0
11.41765828424143,65.0,Dynamic AMOLED,FHD+,120.0,4400.0,1.0,25.0,1,200.0,1.0,4320p (Ultra HD) 8K,30.0,10.0,8.0,3.0,1995100.0,12.0,256.0,89.0,215.0,Cam,1,5.4,1.0,Android,1.0
10.896739325546411,683.0,AMOLED,FHD+,165.0,7400.0,1.0,80.0,0,50.0,1.0,2160p (Ultra HD) 4K,60.0,32.0,8.0,3.0,,12.0,512.0,83.0,215.0,,1,6.0,1.0,Android,1.0
9.400633405292153,667.0,AMOLED,FHD+,120.0,5500.0,1.0,33.0,0,108.0,0.0,1080p (Full HD),60.0,20.0,8.0,6.0,443500.0,8.0,128.0,816.0,1965.0,Plastik (Cam Görünümlü),0,5.3,1.0,Android,1.0
10.257565677657576,667.0,AMOLED,FHD+,144.0,5000.0,1.0,67.0,0,50.0,1.0,2160p (Ultra HD) 4K,60.0,32.0,8.0,4.0,1359000.0,12.0,256.0,78.0,195.0,Plastik (Cam Görünümlü),1,5.4,1.0,Android,1.0
10.307312983775264,667.0,AMOLED,FHD+,144.0,5000.0,1.0,120.0,0,50.0,1.0,4320p (Ultra HD) 8K,24.0,20.0,8.0,4.0,1527500.0,12.0,512.0,862.0,206.0,Cam | Kauçuk/Plastik (Deri Görünümlü),1,5.4,1.0,Android,1.0
9.975854724662028,67.0,AMOLED,FHD+,120.0,5000.0,1.0,67.0,0,100.0,1.0,2160p (Ultra HD) 4K,30.0,16.0,8.0,6.0,545400.0,8.0,256.0,87.0,191.0,Kauçuk/Plastik (Deri Görünümlü),1,5.2,1.0,Android,0.0
10.239959789157341,679.0,AMOLED,FHD+,120.0,7500.0,1.0,66.0,0,108.0,1.0,2160p (Ultra HD) 4K,30.0,16.0,8.0,4.0,754200.0,8.0,512.0,776.0,189.0,Plastik (Cam Görünümlü),1,5.2,1.0,Android,1.0
9.566545205430295,677.0,AMOLED,FHD+,120.0,6500.0,1.0,90.0,0,50.0,0.0,1080p (Full HD),30.0,32.0,8.0,6.0,,8.0,256.0,759.0,194.0,,0,5.0,1.0,Android,1.0
9.082507000466299,672.0,IPS LCD,FHD+,90.0,5000.0,1.0,33.0,0,108.0,0.0,1080p (Full HD),30.0,8.0,8.0,6.0,314800.0,8.0,256.0,759.0,185.0,Plastik (Cam Görünümlü),0,5.0,1.0,Android,1.0
9.391035607025554,675.0,IPS LCD,HD+,120.0,6000.0,1.0,18.0,0,50.0,0.0,1440p (Quad HD) 2K,30.0,5.0,8.0,6.0,,8.0,256.0,814.0,199.0,,1,5.4,1.0,Android,1.0
11.382816779623209,63.0,OLED,FHD+,120.0,3692.0,1.0,40.0,1,48.0,1.0,2160p (Ultra HD) 4K,60.0,18.0,6.0,3.0,2542200.0,8.0,512.0,795.0,177.0,Cam,1,6.0,1.0,iOS,1.0
10.929977076708358,68.0,OLED,FHD+,120.0,5170.0,1.0,100.0,1,50.0,1.0,2160p (Ultra HD) 4K,60.0,13.0,8.0,7.0,1105100.0,12.0,512.0,83.0,219.0,Cam,0,5.2,1.0,Android,1.0
9.966206920016589,667.0,AMOLED,FHD+,120.0,5100.0,1.0,67.0,0,200.0,1.0,2160p (Ultra HD) 4K,30.0,16.0,8.0,4.0,601700.0,12.0,512.0,798.0,187.0,Cam,1,5.2,1.0,Android,1.0
10.114599007626499,61.0,IPS LCD,HD+,60.0,3110.0,1.0,20.0,1,12.0,1.0,2160p (Ultra HD) 4K,60.0,12.0,6.0,7.0,950700.0,4.0,64.0,83.0,194.0,Cam,0,5.0,1.0,iOS,1.0
11.119156687322887,67.0,OLED,FHD+,60.0,4383.0,1.0,20.0,1,48.0,1.0,2160p (Ultra HD) 4K,60.0,12.0,6.0,4.0,1417400.0,6.0,128.0,78.0,201.0,Cam,1,5.3,1.0,iOS,1.0
11.289781913656018,61.0,OLED,FHD+,120.0,3095.0,1.0,20.0,1,12.0,1.0,2160p (Ultra HD) 4K,60.0,12.0,6.0,5.0,1484600.0,6.0,128.0,765.0,204.0,Cam,1,5.0,1.0,iOS,1.0
11.356271654924852,68.0,OLED,FHD+,120.0,5170.0,1.0,100.0,1,50.0,1.0,2160p (Ultra HD) 4K,60.0,13.0,8.0,7.0,1160300.0,16.0,512.0,83.0,2335.0,Cam,0,5.2,1.0,Android,1.0
10.601679238158788,67.0,Dynamic AMOLED,FHD+,120.0,4000.0,1.0,25.0,1,50.0,1.0,2160p (Ultra HD) 4K,60.0,10.0,8.0,4.0,1511600.0,12.0,256.0,69.0,187.0,Cam,1,5.3,1.0,Android,1.0
9.648595302907339,67.0,AMOLED,FHD+,120.0,5000.0,1.0,67.0,0,50.0,1.0,2160p (Ultra HD) 4K,30.0,16.0,8.0,4.0,615500.0,8.0,256.0,875.0,190.0,,1,5.2,1.0,Android,1.0
10.416311178964792,657.0,AMOLED,FHD+,120.0,7000.0,1.0,80.0,0,50.0,1.0,2160p (Ultra HD) 4K,30.0,50.0,8.0,4.0,,12.0,256.0,827.0,202.0,,1,5.1,1.0,Android,1.0
10.170916278633152,657.0,AMOLED,FHD+,120.0,6000.0,1.0,45.0,0,50.0,1.0,2160p (Ultra HD) 4K,30.0,32.0,8.0,4.0,677736.0,12.0,256.0,778.0,180.0,,1,5.1,1.0,Android,1.0
10.043292972227004,66.0,Super AMOLED,FHD+,120.0,5000.0,1.0,25.0,0,50.0,1.0,2160p (Ultra HD) 4K,30.0,32.0,8.0,4.0,740800.0,8.0,128.0,82.0,213.0,Cam,1,5.3,1.0,Android,1.0
9.847712123108694,64.0,Super AMOLED,FHD+,120.0,5000.0,1.0,25.0,0,50.0,1.0,2160p (Ultra HD) 4K,30.0,32.0,8.0,5.0,623500.0,8.0,128.0,82.0,202.0,Cam,1,5.3,1.0,Android,1.0
10.239959789157341,655.0,AMOLED,FHD+,120.0,6000.0,1.0,80.0,0,200.0,1.0,2160p (Ultra HD) 4K,30.0,50.0,8.0,4.0,848100.0,12.0,512.0,73.0,184.0,,1,5.4,1.0,Android,1.0
11.22390916950531,67.0,OLED,FHD+,60.0,4674.0,1.0,30.0,1,48.0,1.0,2160p (Ultra HD) 4K,60.0,12.0,6.0,3.0,1572700.0,8.0,256.0,78.0,199.0,Cam,1,5.3,1.0,iOS,1.0
10.668955394675699,659.0,AMOLED,FHD+,120.0,6210.0,1.0,100.0,0,50.0,1.0,4320p (Ultra HD) 8K,30.0,20.0,8.0,3.0,,12.0,512.0,8.0,199.0,,1,5.4,1.0,Android,1.0
10.97678254604033,69.0,Dynamic AMOLED,FHD+,120.0,4300.0,1.0,25.0,1,50.0,1.0,2160p (Ultra HD) 4K,60.0,10.0,10.0,3.0,1943900.0,12.0,256.0,65.0,188.0,Cam,1,5.4,1.0,Android,1.0
9.457200449907708,67.0,Super AMOLED,FHD+,90.0,5000.0,1.0,25.0,0,50.0,0.0,1080p (Full HD),30.0,13.0,8.0,5.0,435900.0,8.0,256.0,79.0,200.0,Plastik (Cam Görünümlü),1,5.3,1.0,Android,1.0
9.748849837459789,66.0,Super AMOLED,FHD+,120.0,5000.0,1.0,25.0,0,50.0,1.0,2160p (Ultra HD) 4K,30.0,13.0,8.0,5.0,612100.0,8.0,128.0,82.0,209.0,Cam,1,5.3,1.0,Android,1.0
11.104494713686279,673.0,AMOLED,QHD+,120.0,5000.0,1.0,90.0,1,50.0,1.0,4320p (Ultra HD) 8K,30.0,32.0,8.0,4.0,2114700.0,16.0,512.0,92.0,2198.0,Cam | Kauçuk/Plastik (Deri Görünümlü),1,5.4,1.0,Android,1.0
10.550591841714537,69.0,Dynamic AMOLED,QHD+,120.0,4500.0,1.0,25.0,1,108.0,1.0,4320p (Ultra HD) 8K,24.0,10.0,8.0,7.0,,8.0,256.0,81.0,208.0,Cam,0,5.0,1.0,Android,1.0
10.714417768752456,61.0,Dynamic AMOLED,FHD+,120.0,3900.0,1.0,25.0,1,50.0,1.0,4320p (Ultra HD) 8K,30.0,12.0,8.0,4.0,1524200.0,8.0,128.0,76.0,168.0,Cam,1,5.3,1.0,Android,1.0
9.20804273442746,67.0,AMOLED,FHD+,120.0,5000.0,1.0,33.0,0,50.0,0.0,1440p (Quad HD) 2K,30.0,16.0,8.0,6.0,415200.0,8.0,256.0,796.0,188.0,Cam,0,5.2,1.0,Android,0.0
10.10608384738666,667.0,AMOLED,FHD+,144.0,5000.0,1.0,67.0,0,50.0,1.0,2160p (Ultra HD) 4K,30.0,20.0,8.0,4.0,934100.0,12.0,256.0,862.0,197.0,Cam | Kauçuk/Plastik (Deri Görünümlü),1,5.4,1.0,Android,1.0
11.440365524765756,65.0,Dynamic AMOLED,FHD+,120.0,4400.0,1.0,25.0,1,200.0,1.0,4320p (Ultra HD) 8K,30.0,10.0,8.0,3.0,1995100.0,12.0,512.0,89.0,215.0,Cam,1,5.4,1.0,Android,1.0
9.159047077588632,672.0,IPS LCD,FHD+,90.0,5828.0,1.0,45.0,0,50.0,0.0,1080p (Full HD),30.0,8.0,8.0,12.0,279100.0,8.0,128.0,799.0,196.0,Plastik (Cam Görünümlü),0,5.0,1.0,Android,1.0
8.810704242316461,63.0,IPS LCD,FHD+,60.0,4000.0,1.0,18.0,0,48.0,0.0,2160p (Ultra HD) 4K,30.0,13.0,8.0,11.0,250300.0,4.0,64.0,835.0,190.0,Cam,0,4.2,0.0,Android,1.0
10.921396707163876,67.0,Dynamic AMOLED,QHD+,120.0,3900.0,1.0,25.0,1,200.0,1.0,4320p (Ultra HD) 8K,30.0,12.0,8.0,3.0,2161200.0,12.0,512.0,58.0,163.0,Cam,1,5.4,1.0,Android,1.0
10.431273532876919,61.0,Dynamic AMOLED,FHD+,120.0,3900.0,1.0,25.0,1,50.0,1.0,4320p (Ultra HD) 8K,30.0,12.0,8.0,4.0,1591500.0,8.0,256.0,76.0,168.0,Cam,1,5.3,1.0,Android,1.0
10.077020603297003,678.0,AMOLED,FHD+,144.0,5200.0,1.0,45.0,0,50.0,1.0,2160p (Ultra HD) 4K,30.0,50.0,8.0,4.0,733500.0,12.0,256.0,729.0,178.0,,1,5.4,1.0,Android,1.0
10.594156665220533,67.0,Dynamic AMOLED,FHD+,120.0,4900.0,1.0,45.0,1,50.0,1.0,4320p (Ultra HD) 8K,30.0,12.0,10.0,4.0,1810600.0,8.0,512.0,74.0,190.0,Cam,1,5.4,1.0,Android,1.0
9.457200449907708,678.0,AMOLED,FHD+,144.0,5200.0,1.0,45.0,0,50.0,0.0,1440p (Quad HD) 2K,30.0,13.0,8.0,6.0,446000.0,8.0,256.0,669.0,170.0,Plastik (Cam Görünümlü),0,5.4,1.0,Android,1.0
9.791440285861468,667.0,AMOLED,FHD+,120.0,5000.0,1.0,67.0,0,64.0,1.0,2160p (Ultra HD) 4K,30.0,16.0,8.0,4.0,1134500.0,12.0,256.0,79.0,181.0,Plastik (Cam Görünümlü),1,5.3,1.0,Android,1.0
10.036633745980971,667.0,AMOLED,FHD+,120.0,5000.0,1.0,90.0,0,50.0,1.0,2160p (Ultra HD) 4K,60.0,20.0,8.0,4.0,1510100.0,12.0,512.0,78.0,179.0,Plastik (Cam Görünümlü),1,5.4,1.0,Android,1.0
9.791440285861468,667.0,AMOLED,FHD+,120.0,5000.0,1.0,67.0,0,64.0,1.0,2160p (Ultra HD) 4K,30.0,16.0,8.0,4.0,1134500.0,12.0,256.0,79.0,181.0,Plastik (Cam Görünümlü),1,5.3,1.0,Android,1.0
10.036633745980971,667.0,AMOLED,FHD+,120.0,5000.0,1.0,90.0,0,50.0,1.0,2160p (Ultra HD) 4K,60.0,20.0,8.0,4.0,1510100.0,12.0,512.0,78.0,179.0,Plastik (Cam Görünümlü),1,5.4,1.0,Android,1.0
10.286430258110272,64.0,Dynamic AMOLED,FHD+,120.0,4500.0,1.0,25.0,1,50.0,1.0,4320p (Ultra HD) 8K,24.0,10.0,8.0,4.0,1257500.0,8.0,128.0,82.0,209.0,Cam,1,5.3,1.0,Android,1.0
9.415095894977114,69.0,IPS LCD,HD+,120.0,6000.0,1.0,33.0,0,50.0,0.0,1080p (Full HD),30.0,8.0,8.0,6.0,419900.0,8.0,256.0,82.0,211.0,Plastik (Cam Görünümlü),1,5.4,1.0,Android,1.0
10.593749324305026,667.0,AMOLED,FHD+,144.0,5000.0,1.0,120.0,1,50.0,1.0,4320p (Ultra HD) 8K,30.0,32.0,8.0,4.0,2017000.0,12.0,256.0,839.0,209.0,Cam,1,5.4,1.0,Android,1.0
11.097410021008562,685.0,AMOLED,FHD+,144.0,7200.0,1.0,80.0,1,50.0,1.0,4320p (Ultra HD) 8K,30.0,16.0,8.0,3.0,2941800.0,16.0,1.0,86.0,227.0,Cam,1,6.0,1.0,Android,1.0
11.991117043779226,69.0,OLED,FHD+,120.0,4832.0,1.0,40.0,1,48.0,1.0,2160p (Ultra HD) 4K,60.0,18.0,6.0,3.0,2697900.0,12.0,2.0,875.0,231.0,Cam,1,6.0,1.0,iOS,1.0
9.266830340233932,667.0,IPS LCD,HD+,120.0,5200.0,1.0,45.0,0,50.0,0.0,,,8.0,8.0,12.0,,8.0,256.0,767.0,188.0,,0,5.4,1.0,Android,1.0
9.598998361767967,678.0,AMOLED,FHD+,120.0,5200.0,1.0,45.0,0,50.0,1.0,1440p (Quad HD) 2K,30.0,32.0,8.0,6.0,432400.0,8.0,256.0,734.0,177.0,,0,5.4,1.0,Android,1.0
10.373491181781864,673.0,AMOLED,QHD+,120.0,4820.0,1.0,120.0,1,50.0,1.0,4320p (Ultra HD) 8K,24.0,32.0,8.0,4.0,1559800.0,12.0,256.0,838.0,229.0,,1,5.3,1.0,Android,1.0
9.126958763037132,69.0,IPS LCD,HD+,120.0,6000.0,1.0,33.0,0,50.0,0.0,1080p (Full HD),30.0,8.0,8.0,12.0,264000.0,6.0,128.0,799.0,205.0,,0,5.4,1.0,Android,1.0
10.439980923050696,677.0,AMOLED,FHD+,120.0,6500.0,1.0,90.0,0,50.0,1.0,2160p (Ultra HD) 4K,30.0,50.0,8.0,4.0,,12.0,256.0,775.0,200.0,Cam | Plastik (Cam Görünümlü),1,5.4,1.0,Android,1.0
8.824677891164198,674.0,IPS LCD,HD+,90.0,5500.0,1.0,15.0,0,13.0,0.0,1080p (Full HD),30.0,5.0,8.0,12.0,248100.0,4.0,128.0,819.0,199.0,Plastik (Cam Görünümlü),0,5.4,0.0,Android,1.0
10.358250632365579,67.0,Dynamic AMOLED,FHD+,120.0,4700.0,1.0,25.0,1,50.0,1.0,4320p (Ultra HD) 8K,30.0,10.0,10.0,4.0,1788500.0,8.0,128.0,8.0,213.0,Cam,1,5.3,1.0,Android,1.0
9.464300187022932,667.0,Super AMOLED,FHD+,120.0,5000.0,1.0,33.0,0,50.0,0.0,2160p (Ultra HD) 4K,30.0,16.0,8.0,4.0,646600.0,8.0,128.0,9.0,197.0,Plastik,1,5.3,0.0,Android,1.0
10.26291011830247,67.0,Super AMOLED,FHD+,120.0,5000.0,1.0,25.0,0,108.0,1.0,2160p (Ultra HD) 4K,30.0,32.0,8.0,6.0,,8.0,128.0,76.0,181.0,,1,5.0,1.0,Android,1.0
10.268025799514616,683.0,AMOLED,FHD+,120.0,6500.0,1.0,100.0,0,50.0,1.0,2160p (Ultra HD) 4K,30.0,32.0,8.0,4.0,837700.0,12.0,512.0,831.0,2059.0,,1,5.4,1.0,Android,1.0
10.126631103850338,677.0,AMOLED,FHD+,120.0,5000.0,1.0,50.0,0,50.0,1.0,2160p (Ultra HD) 4K,30.0,32.0,8.0,4.0,770100.0,12.0,256.0,835.0,201.0,Cam,1,5.4,1.0,Android,1.0
11.501553650287464,67.0,OLED,FHD+,120.0,4323.0,1.0,20.0,1,48.0,1.0,2160p (Ultra HD) 4K,60.0,12.0,6.0,4.0,1761400.0,6.0,256.0,785.0,240.0,Cam,1,5.3,1.0,iOS,1.0
9.69482304709609,66.0,Super AMOLED,FHD+,120.0,5000.0,1.0,25.0,0,48.0,1.0,2160p (Ultra HD) 4K,30.0,13.0,8.0,6.0,560100.0,8.0,256.0,82.0,199.0,Plastik (Cam Görünümlü),1,5.3,1.0,Android,1.0
9.277999020449997,667.0,IPS LCD,HD+,90.0,6000.0,1.0,45.0,0,50.0,0.0,1080p (Full HD),30.0,5.0,8.0,11.0,,8.0,256.0,799.0,193.0,,0,5.0,1.0,Android,1.0
9.60245002503719,678.0,AMOLED,FHD+,144.0,5000.0,1.0,68.0,0,108.0,1.0,2160p (Ultra HD) 4K,60.0,50.0,8.0,6.0,774700.0,8.0,256.0,79.0,185.0,Cam,1,,1.0,Android,1.0
10.126631103850338,677.0,AMOLED,FHD+,120.0,6500.0,1.0,90.0,0,50.0,0.0,2160p (Ultra HD) 4K,30.0,32.0,8.0,4.0,,12.0,256.0,769.0,194.0,,1,5.4,1.0,Android,1.0
10.18572834805452,65.0,Super AMOLED,FHD+,120.0,4500.0,1.0,25.0,1,12.0,1.0,2160p (Ultra HD) 4K,60.0,32.0,8.0,7.0,802900.0,6.0,128.0,84.0,190.0,Polimer (Cam Görünümlü),0,5.0,1.0,Android,1.0
11.84939770159144,69.0,OLED,FHD+,120.0,4832.0,1.0,40.0,1,48.0,1.0,2160p (Ultra HD) 4K,60.0,18.0,6.0,3.0,2697900.0,12.0,1.0,875.0,231.0,Cam,1,6.0,1.0,iOS,1.0
10.499220340989032,683.0,AMOLED,FHD+,120.0,6500.0,1.0,90.0,0,50.0,1.0,2160p (Ultra HD) 4K,60.0,20.0,8.0,4.0,2024800.0,12.0,256.0,82.0,2157.0,Cam,1,6.0,1.0,Android,1.0
9.415095894977114,69.0,IPS LCD,HD+,120.0,6000.0,1.0,33.0,0,50.0,0.0,1080p (Full HD),30.0,8.0,8.0,6.0,419900.0,8.0,256.0,82.0,211.0,Plastik (Cam Görünümlü),1,5.4,1.0,Android,1.0
10.593749324305026,667.0,AMOLED,FHD+,144.0,5000.0,1.0,120.0,1,50.0,1.0,4320p (Ultra HD) 8K,30.0,32.0,8.0,4.0,2017000.0,12.0,256.0,839.0,209.0,Cam,1,5.4,1.0,Android,1.0
11.097410021008562,685.0,AMOLED,FHD+,144.0,7200.0,1.0,80.0,1,50.0,1.0,4320p (Ultra HD) 8K,30.0,16.0,8.0,3.0,2941800.0,16.0,1.0,86.0,227.0,Cam,1,6.0,1.0,Android,1.0
11.991117043779226,69.0,OLED,FHD+,120.0,4832.0,1.0,40.0,1,48.0,1.0,2160p (Ultra HD) 4K,60.0,18.0,6.0,3.0,2697900.0,12.0,2.0,875.0,231.0,Cam,1,6.0,1.0,iOS,1.0
9.266830340233932,667.0,IPS LCD,HD+,120.0,5200.0,1.0,45.0,0,50.0,0.0,,,8.0,8.0,12.0,,8.0,256.0,767.0,188.0,,0,5.4,1.0,Android,1.0
9.598998361767967,678.0,AMOLED,FHD+,120.0,5200.0,1.0,45.0,0,50.0,1.0,1440p (Quad HD) 2K,30.0,32.0,8.0,6.0,432400.0,8.0,256.0,734.0,177.0,,0,5.4,1.0,Android,1.0
10.373491181781864,673.0,AMOLED,QHD+,120.0,4820.0,1.0,120.0,1,50.0,1.0,4320p (Ultra HD) 8K,24.0,32.0,8.0,4.0,1559800.0,12.0,256.0,838.0,229.0,,1,5.3,1.0,Android,1.0
9.40729435081445,65.0,PLS,HD+,60.0,5000.0,1.0,15.0,0,48.0,0.0,1080p (Full HD),30.0,13.0,8.0,8.0,,4.0,64.0,89.0,192.0,Plastik (Cam Görünümlü),0,5.0,1.0,Android,0.0
9.126958763037132,69.0,IPS LCD,HD+,120.0,6000.0,1.0,33.0,0,50.0,0.0,1080p (Full HD),30.0,8.0,8.0,12.0,264000.0,6.0,128.0,799.0,205.0,,0,5.4,1.0,Android,1.0
10.439980923050696,677.0,AMOLED,FHD+,120.0,6500.0,1.0,90.0,0,50.0,1.0,2160p (Ultra HD) 4K,30.0,50.0,8.0,4.0,,12.0,256.0,775.0,200.0,Cam | Plastik (Cam Görünümlü),1,5.4,1.0,Android,1.0
8.824677891164198,674.0,IPS LCD,HD+,90.0,5500.0,1.0,15.0,0,13.0,0.0,1080p (Full HD),30.0,5.0,8.0,12.0,248100.0,4.0,128.0,819.0,199.0,Plastik (Cam Görünümlü),0,5.4,0.0,Android,1.0
10.358250632365579,67.0,Dynamic AMOLED,FHD+,120.0,4700.0,1.0,25.0,1,50.0,1.0,4320p (Ultra HD) 8K,30.0,10.0,10.0,4.0,1788500.0,8.0,128.0,8.0,213.0,Cam,1,5.3,1.0,Android,1.0
9.464300187022932,667.0,Super AMOLED,FHD+,120.0,5000.0,1.0,33.0,0,50.0,0.0,2160p (Ultra HD) 4K,30.0,16.0,8.0,4.0,646600.0,8.0,128.0,9.0,197.0,Plastik,1,5.3,0.0,Android,1.0
10.26291011830247,67.0,Super AMOLED,FHD+,120.0,5000.0,1.0,25.0,0,108.0,1.0,2160p (Ultra HD) 4K,30.0,32.0,8.0,6.0,,8.0,128.0,76.0,181.0,,1,5.0,1.0,Android,1.0
10.268025799514616,683.0,AMOLED,FHD+,120.0,6500.0,1.0,100.0,0,50.0,1.0,2160p (Ultra HD) 4K,30.0,32.0,8.0,4.0,837700.0,12.0,512.0,831.0,2059.0,,1,5.4,1.0,Android,1.0
10.126631103850338,677.0,AMOLED,FHD+,120.0,5000.0,1.0,50.0,0,50.0,1.0,2160p (Ultra HD) 4K,30.0,32.0,8.0,4.0,770100.0,12.0,256.0,835.0,201.0,Cam,1,5.4,1.0,Android,1.0
11.501553650287464,67.0,OLED,FHD+,120.0,4323.0,1.0,20.0,1,48.0,1.0,2160p (Ultra HD) 4K,60.0,12.0,6.0,4.0,1761400.0,6.0,256.0,785.0,240.0,Cam,1,5.3,1.0,iOS,1.0
9.69482304709609,66.0,Super AMOLED,FHD+,120.0,5000.0,1.0,25.0,0,48.0,1.0,2160p (Ultra HD) 4K,30.0,13.0,8.0,6.0,560100.0,8.0,256.0,82.0,199.0,Plastik (Cam Görünümlü),1,5.3,1.0,Android,1.0
9.422362306749882,647.0,AMOLED,FHD+,60.0,5260.0,1.0,30.0,0,108.0,1.0,2160p (Ultra HD) 4K,30.0,32.0,8.0,8.0,370700.0,6.0,128.0,967.0,208.0,Cam,0,5.0,1.0,Android,0.0
9.277999020449997,667.0,IPS LCD,HD+,90.0,6000.0,1.0,45.0,0,50.0,0.0,1080p (Full HD),30.0,5.0,8.0,11.0,,8.0,256.0,799.0,193.0,,0,5.0,1.0,Android,1.0
9.60245002503719,678.0,AMOLED,FHD+,144.0,5000.0,1.0,68.0,0,108.0,1.0,2160p (Ultra HD) 4K,60.0,50.0,8.0,6.0,774700.0,8.0,256.0,79.0,185.0,Cam,1,,1.0,Android,1.0
9.32562963409582,65.0,PLS,HD+,60.0,5000.0,1.0,15.0,0,48.0,0.0,1080p (Full HD),30.0,8.0,8.0,12.0,152800.0,4.0,64.0,89.0,205.0,Plastik,0,5.0,0.0,Android,0.0
10.166236358442697,678.0,AMOLED,FHD+,144.0,5000.0,1.0,70.0,0,50.0,1.0,2160p (Ultra HD) 4K,60.0,50.0,8.0,4.0,937100.0,12.0,512.0,768.0,187.0,,1,5.3,1.0,Android,
10.5320959452918,674.0,OLED,FHD+,120.0,4700.0,1.0,66.0,1,50.0,1.0,2160p (Ultra HD) 4K,60.0,13.0,8.0,4.0,1255000.0,8.0,256.0,85.0,209.0,,0,5.2,1.0,Android,1.0
9.209990310711888,667.0,IPS LCD,FHD+,120.0,5160.0,1.0,33.0,0,64.0,0.0,2160p (Ultra HD) 4K,30.0,20.0,8.0,8.0,403800.0,6.0,128.0,94.0,215.0,Plastik (Cam Görünümlü),0,5.1,1.0,Android,1.0
10.304810761476958,67.0,AMOLED,FHD+,120.0,5000.0,1.0,67.0,0,50.0,1.0,2160p (Ultra HD) 4K,30.0,32.0,8.0,4.0,644700.0,8.0,256.0,875.0,196.0,,1,5.2,1.0,Android,1.0
9.806205429729575,64.0,Super AMOLED,FHD+,90.0,5000.0,1.0,25.0,0,48.0,1.0,2160p (Ultra HD) 4K,30.0,13.0,8.0,5.0,450500.0,6.0,128.0,81.0,186.0,Plastik (Cam Görünümlü),1,5.1,1.0,Android,1.0
10.292145542327912,61.0,IPS LCD,HD+,60.0,2942.0,1.0,15.0,1,12.0,1.0,2160p (Ultra HD) 4K,60.0,7.0,6.0,7.0,736800.0,3.0,64.0,83.0,194.0,Cam,0,5.0,1.0,iOS,1.0
9.566545205430295,677.0,AMOLED,FHD+,120.0,6500.0,1.0,90.0,0,50.0,0.0,1080p (Full HD),30.0,32.0,8.0,6.0,,8.0,256.0,759.0,194.0,,0,5.0,1.0,Android,1.0
8.98994927917021,667.0,IPS LCD,FHD+,60.0,5020.0,1.0,30.0,0,64.0,0.0,2160p (Ultra HD) 4K,30.0,16.0,8.0,8.0,402600.0,6.0,64.0,88.0,209.0,Cam,0,5.0,1.0,Android,1.0
9.080815798462762,667.0,IPS LCD,FHD+,60.0,5020.0,1.0,30.0,0,64.0,0.0,2160p (Ultra HD) 4K,30.0,16.0,8.0,8.0,402600.0,6.0,128.0,88.0,209.0,Cam,0,5.0,1.0,Android,1.0
10.338792329587958,667.0,AMOLED,QHD+,120.0,5000.0,1.0,120.0,0,50.0,1.0,4320p (Ultra HD) 8K,24.0,16.0,8.0,4.0,1538700.0,12.0,512.0,821.0,209.0,Cam,1,5.3,1.0,Android,1.0
10.868568448579715,61.0,OLED,FHD+,60.0,3227.0,1.0,20.0,1,12.0,1.0,2160p (Ultra HD) 4K,60.0,12.0,6.0,5.0,1550800.0,4.0,256.0,765.0,174.0,Cam,1,5.0,1.0,iOS,1.0
9.391035607025554,675.0,IPS LCD,HD+,120.0,6000.0,1.0,18.0,0,50.0,0.0,1440p (Quad HD) 2K,30.0,5.0,8.0,6.0,,8.0,256.0,814.0,199.0,,1,5.4,1.0,Android,1.0
11.382816779623209,63.0,OLED,FHD+,120.0,3692.0,1.0,40.0,1,48.0,1.0,2160p (Ultra HD) 4K,60.0,18.0,6.0,3.0,2542200.0,8.0,512.0,795.0,177.0,Cam,1,6.0,1.0,iOS,1.0
8.95157482435255,651.0,IPS LCD,HD+,60.0,5000.0,0.0,,0,48.0,,1080p (Full HD),30.0,24.0,8.0,12.0,274900.0,8.0,256.0,9.0,,,0,5.0,,Android,0.0
8.841020097504185,674.0,,HD+,60.0,4000.0,0.0,,0,64.0,0.0,1080p (Full HD),30.0,16.0,8.0,12.0,248300.0,8.0,128.0,,,,0,5.0,0.0,Android,0.0
9.769956159911606,678.0,AMOLED,FHD+,120.0,5000.0,1.0,70.0,0,50.0,1.0,1440p (Quad HD) 2K,30.0,50.0,8.0,6.0,506700.0,12.0,512.0,783.0,190.0,,1,5.3,1.0,Android,1.0
9.602382459752207,65.0,Super AMOLED,FHD+,90.0,5000.0,1.0,25.0,0,50.0,1.0,1080p (Full HD),30.0,13.0,8.0,6.0,402900.0,6.0,128.0,83.0,195.0,Plastik (Cam Görünümlü),0,5.3,1.0,Android,0.0
10.929977076708358,68.0,OLED,FHD+,120.0,5170.0,1.0,100.0,1,50.0,1.0,2160p (Ultra HD) 4K,60.0,13.0,8.0,7.0,1105100.0,12.0,512.0,83.0,219.0,Cam,0,5.2,1.0,Android,1.0
11.14692214672325,67.0,OLED,FHD+,60.0,4383.0,1.0,20.0,1,48.0,1.0,2160p (Ultra HD) 4K,60.0,12.0,6.0,4.0,1417400.0,6.0,256.0,78.0,201.0,Cam,1,5.3,1.0,iOS,1.0
11.356271654924852,68.0,OLED,FHD+,120.0,5170.0,1.0,100.0,1,50.0,1.0,2160p (Ultra HD) 4K,60.0,13.0,8.0,7.0,1160300.0,16.0,512.0,83.0,2335.0,Cam,0,5.2,1.0,Android,1.0
10.205442284274628,678.0,AMOLED,FHD+,120.0,5500.0,1.0,120.0,0,50.0,1.0,2160p (Ultra HD) 4K,60.0,32.0,8.0,4.0,1489800.0,12.0,256.0,865.0,191.0,Plastik (Cam Görünümlü),1,5.4,1.0,Android,1.0
9.188888926125463,667.0,AMOLED,FHD+,120.0,5000.0,1.0,33.0,0,64.0,0.0,1440p (Quad HD) 2K,30.0,32.0,8.0,6.0,432900.0,8.0,256.0,782.0,185.0,,0,5.2,1.0,Android,1.0
10.668397099322965,66.0,Dynamic AMOLED,FHD+,120.0,4700.0,1.0,45.0,1,50.0,1.0,4320p (Ultra HD) 8K,30.0,12.0,8.0,4.0,1515500.0,8.0,256.0,76.0,195.0,Cam,1,5.3,1.0,Android,1.0
9.123478801946748,647.0,AMOLED,FHD+,60.0,5260.0,1.0,30.0,0,64.0,0.0,2160p (Ultra HD) 4K,30.0,16.0,8.0,8.0,,6.0,128.0,967.0,204.0,Cam,0,5.0,1.0,Android,0.0
9.491604895944155,643.0,AMOLED,FHD+,90.0,5000.0,1.0,33.0,0,108.0,0.0,1080p (Full HD),30.0,16.0,8.0,12.0,397500.0,8.0,128.0,809.0,179.0,Plastik (Cam Görünümlü),0,5.0,0.0,Android,1.0
10.416311178964792,657.0,AMOLED,FHD+,120.0,7000.0,1.0,80.0,0,50.0,1.0,2160p (Ultra HD) 4K,30.0,50.0,8.0,4.0,,12.0,256.0,827.0,202.0,,1,5.1,1.0,Android,1.0
10.170916278633152,657.0,AMOLED,FHD+,120.0,6000.0,1.0,45.0,0,50.0,1.0,2160p (Ultra HD) 4K,30.0,32.0,8.0,4.0,677736.0,12.0,256.0,778.0,180.0,,1,5.1,1.0,Android,1.0
10.254502810625418,67.0,Super AMOLED,FHD+,90.0,5000.0,1.0,25.0,0,64.0,1.0,2160p (Ultra HD) 4K,30.0,32.0,8.0,8.0,,8.0,128.0,84.0,203.0,Plastik (Cam Görünümlü),0,5.0,1.0,Android,1.0
10.868568448579715,61.0,OLED,FHD+,60.0,3227.0,1.0,20.0,1,12.0,1.0,2160p (Ultra HD) 4K,60.0,12.0,6.0,5.0,1550800.0,4.0,256.0,765.0,174.0,Cam,1,5.0,1.0,iOS,1.0
9.391035607025554,675.0,IPS LCD,HD+,120.0,6000.0,1.0,18.0,0,50.0,0.0,1440p (Quad HD) 2K,30.0,5.0,8.0,6.0,,8.0,256.0,814.0,199.0,,1,5.4,1.0,Android,1.0
11.382816779623209,63.0,OLED,FHD+,120.0,3692.0,1.0,40.0,1,48.0,1.0,2160p (Ultra HD) 4K,60.0,18.0,6.0,3.0,2542200.0,8.0,512.0,795.0,177.0,Cam,1,6.0,1.0,iOS,1.0
8.95157482435255,651.0,IPS LCD,HD+,60.0,5000.0,0.0,,0,48.0,,1080p (Full HD),30.0,24.0,8.0,12.0,274900.0,8.0,256.0,9.0,,,0,5.0,,Android,0.0
8.841020097504185,674.0,,HD+,60.0,4000.0,0.0,,0,64.0,0.0,1080p (Full HD),30.0,16.0,8.0,12.0,248300.0,8.0,128.0,,,,0,5.0,0.0,Android,0.0
9.769956159911606,678.0,AMOLED,FHD+,120.0,5000.0,1.0,70.0,0,50.0,1.0,1440p (Quad HD) 2K,30.0,50.0,8.0,6.0,506700.0,12.0,512.0,783.0,190.0,,1,5.3,1.0,Android,1.0
9.602382459752207,65.0,Super AMOLED,FHD+,90.0,5000.0,1.0,25.0,0,50.0,1.0,1080p (Full HD),30.0,13.0,8.0,6.0,402900.0,6.0,128.0,83.0,195.0,Plastik (Cam Görünümlü),0,5.3,1.0,Android,0.0
10.929977076708358,68.0,OLED,FHD+,120.0,5170.0,1.0,100.0,1,50.0,1.0,2160p (Ultra HD) 4K,60.0,13.0,8.0,7.0,1105100.0,12.0,512.0,83.0,219.0,Cam,0,5.2,1.0,Android,1.0
11.14692214672325,67.0,OLED,FHD+,60.0,4383.0,1.0,20.0,1,48.0,1.0,2160p (Ultra HD) 4K,60.0,12.0,6.0,4.0,1417400.0,6.0,256.0,78.0,201.0,Cam,1,5.3,1.0,iOS,1.0
10.819778284410283,68.0,AMOLED,FHD+,120.0,6500.0,1.0,80.0,0,50.0,1.0,4320p (Ultra HD) 8K,30.0,16.0,8.0,4.0,2213700.0,16.0,512.0,89.0,229.0,Cam,1,5.3,1.0,Android,0.0
11.356271654924852,68.0,OLED,FHD+,120.0,5170.0,1.0,100.0,1,50.0,1.0,2160p (Ultra HD) 4K,60.0,13.0,8.0,7.0,1160300.0,16.0,512.0,83.0,2335.0,Cam,0,5.2,1.0,Android,1.0
10.205442284274628,678.0,AMOLED,FHD+,120.0,5500.0,1.0,120.0,0,50.0,1.0,2160p (Ultra HD) 4K,60.0,32.0,8.0,4.0,1489800.0,12.0,256.0,865.0,191.0,Plastik (Cam Görünümlü),1,5.4,1.0,Android,1.0
9.188888926125463,667.0,AMOLED,FHD+,120.0,5000.0,1.0,33.0,0,64.0,0.0,1440p (Quad HD) 2K,30.0,32.0,8.0,6.0,432900.0,8.0,256.0,782.0,185.0,,0,5.2,1.0,Android,1.0
10.668397099322965,66.0,Dynamic AMOLED,FHD+,120.0,4700.0,1.0,45.0,1,50.0,1.0,4320p (Ultra HD) 8K,30.0,12.0,8.0,4.0,1515500.0,8.0,256.0,76.0,195.0,Cam,1,5.3,1.0,Android,1.0
9.123478801946748,647.0,AMOLED,FHD+,60.0,5260.0,1.0,30.0,0,64.0,0.0,2160p (Ultra HD) 4K,30.0,16.0,8.0,8.0,,6.0,128.0,967.0,204.0,Cam,0,5.0,1.0,Android,0.0
9.491604895944155,643.0,AMOLED,FHD+,90.0,5000.0,1.0,33.0,0,108.0,0.0,1080p (Full HD),30.0,16.0,8.0,12.0,397500.0,8.0,128.0,809.0,179.0,Plastik (Cam Görünümlü),0,5.0,0.0,Android,1.0
10.416311178964792,657.0,AMOLED,FHD+,120.0,7000.0,1.0,80.0,0,50.0,1.0,2160p (Ultra HD) 4K,30.0,50.0,8.0,4.0,,12.0,256.0,827.0,202.0,,1,5.1,1.0,Android,1.0
10.170916278633152,657.0,AMOLED,FHD+,120.0,6000.0,1.0,45.0,0,50.0,1.0,2160p (Ultra HD) 4K,30.0,32.0,8.0,4.0,677736.0,12.0,256.0,778.0,180.0,,1,5.1,1.0,Android,1.0
10.298902324790792,676.0,OLED,FHD+,120.0,5000.0,1.0,100.0,0,50.0,1.0,2160p (Ultra HD) 4K,30.0,60.0,8.0,7.0,653300.0,12.0,512.0,782.0,209.0,,0,5.2,1.0,Android,0.0
10.254502810625418,67.0,Super AMOLED,FHD+,90.0,5000.0,1.0,25.0,0,64.0,1.0,2160p (Ultra HD) 4K,30.0,32.0,8.0,8.0,,8.0,128.0,84.0,203.0,Plastik (Cam Görünümlü),0,5.0,1.0,Android,1.0
10.239959789157341,655.0,AMOLED,FHD+,120.0,6000.0,1.0,80.0,0,200.0,1.0,2160p (Ultra HD) 4K,30.0,50.0,8.0,4.0,848100.0,12.0,512.0,73.0,184.0,,1,5.4,1.0,Android,1.0
8.626961976361729,66.0,IPS LCD,HD+,90.0,5000.0,0.0,,0,50.0,0.0,1080p (Full HD),30.0,5.0,8.0,28.0,154100.0,4.0,128.0,86.0,199.0,,0,5.2,1.0,Android,0.0
9.055093758499632,656.0,IPS LCD,HD+,120.0,5000.0,1.0,225.0,0,108.0,0.0,2160p (Ultra HD) 4K,30.0,8.0,8.0,6.0,469100.0,6.0,256.0,86.0,2055.0,Plastik (Cam Görünümlü),1,5.2,1.0,Android,0.0
10.039766916027851,65.0,Super AMOLED,FHD+,120.0,6000.0,1.0,25.0,0,50.0,1.0,2160p (Ultra HD) 4K,30.0,13.0,8.0,5.0,488200.0,6.0,128.0,88.0,208.0,Plastik (Cam Görünümlü),1,5.3,1.0,Android,0.0
10.668955394675699,659.0,AMOLED,FHD+,120.0,6210.0,1.0,100.0,0,50.0,1.0,4320p (Ultra HD) 8K,30.0,20.0,8.0,3.0,,12.0,512.0,8.0,199.0,,1,5.4,1.0,Android,1.0
10.97678254604033,69.0,Dynamic AMOLED,FHD+,120.0,4300.0,1.0,25.0,1,50.0,1.0,2160p (Ultra HD) 4K,60.0,10.0,10.0,3.0,1943900.0,12.0,256.0,65.0,188.0,Cam,1,5.4,1.0,Android,1.0
9.740968623038354,667.0,AMOLED,FHD+,120.0,5000.0,1.0,67.0,0,200.0,1.0,1080p (Full HD),60.0,16.0,8.0,6.0,438300.0,12.0,512.0,798.0,188.0,Cam,0,5.2,1.0,Android,1.0
7.24422751560335,40.0,Super AMOLED,SD,60.0,1500.0,0.0,,0,5.0,0.0,720p (HD),30.0,3.0,2.0,45.0,,1.0,8.0,99.0,120.0,,0,4.0,0.0,Android,0.0
9.846917201047734,678.0,AMOLED,FHD+,144.0,5160.0,1.0,45.0,0,50.0,,1440p (Quad HD) 2K,30.0,13.0,8.0,6.0,449900.0,8.0,256.0,595.0,155.0,Plastik (Cam Görünümlü),0,5.4,1.0,Android,1.0
9.627345306096418,677.0,AMOLED,FHD+,120.0,6500.0,1.0,90.0,0,50.0,0.0,1080p (Full HD),60.0,32.0,8.0,6.0,438900.0,12.0,256.0,779.0,197.0,Plastik (Cam Görünümlü),1,5.4,1.0,Android,1.0
9.104979856318357,68.0,IPS LCD,FHD+,90.0,5000.0,1.0,18.0,0,50.0,0.0,1440p (Quad HD) 2K,30.0,32.0,8.0,12.0,,8.0,256.0,846.0,208.0,Cam,0,5.0,1.0,Android,0.0
10.799575577092764,61.0,OLED,FHD+,60.0,3279.0,1.0,20.0,1,12.0,1.0,2160p (Ultra HD) 4K,60.0,12.0,6.0,5.0,1381900.0,6.0,256.0,78.0,172.0,Cam,1,5.3,1.0,iOS,1.0
9.15461622320382,667.0,AMOLED,FHD+,120.0,5000.0,1.0,33.0,0,50.0,0.0,1440p (Quad HD) 2K,30.0,24.0,8.0,6.0,,8.0,256.0,79.0,190.0,,0,5.0,1.0,Android,0.0
9.680344001221918,64.0,IPS LCD,FHD+,60.0,4200.0,1.0,40.0,0,48.0,0.0,1080p (Full HD),30.0,16.0,8.0,7.0,452300.0,6.0,128.0,87.0,183.0,Plastik (Cam Görünümlü),0,5.0,1.0,Android,0.0
8.999920529866408,653.0,IPS LCD,FHD+,60.0,4500.0,1.0,18.0,0,64.0,0.0,2160p (Ultra HD) 4K,30.0,20.0,8.0,12.0,439200.0,6.0,128.0,88.0,199.0,Cam,0,5.0,1.0,Android,1.0
8.77971129020447,674.0,IPS LCD,HD+,90.0,5000.0,0.0,,0,32.0,0.0,1080p (Full HD),30.0,5.0,8.0,12.0,261200.0,6.0,128.0,784.0,187.0,,0,5.0,0.0,Android,1.0
9.268775304053268,66.0,IPS LCD,FHD+,120.0,4500.0,1.0,225.0,0,50.0,0.0,1080p (Full HD),30.0,8.0,8.0,6.0,447700.0,8.0,256.0,798.0,189.0,Plastik (Cam Görünümlü),1,5.2,1.0,Android,0.0
9.903487552536127,66.0,Super AMOLED,FHD+,120.0,5000.0,1.0,25.0,0,50.0,1.0,2160p (Ultra HD) 4K,30.0,13.0,8.0,5.0,612100.0,8.0,256.0,82.0,209.0,Cam,1,5.3,1.0,Android,1.0
10.166236358442697,678.0,AMOLED,FHD+,144.0,5000.0,1.0,70.0,0,50.0,1.0,2160p (Ultra HD) 4K,60.0,50.0,8.0,4.0,937100.0,12.0,512.0,768.0,187.0,,1,5.3,1.0,Android,
10.5320959452918,674.0,OLED,FHD+,120.0,4700.0,1.0,66.0,1,50.0,1.0,2160p (Ultra HD) 4K,60.0,13.0,8.0,4.0,1255000.0,8.0,256.0,85.0,209.0,,0,5.2,1.0,Android,1.0
9.209990310711888,667.0,IPS LCD,FHD+,120.0,5160.0,1.0,33.0,0,64.0,0.0,2160p (Ultra HD) 4K,30.0,20.0,8.0,8.0,403800.0,6.0,128.0,94.0,215.0,Plastik (Cam Görünümlü),0,5.1,1.0,Android,1.0
9.066603941777775,679.0,IPS LCD,FHD+,90.0,5000.0,1.0,18.0,0,50.0,0.0,1080p (Full HD),30.0,8.0,8.0,12.0,280200.0,8.0,256.0,817.0,1985.0,Cam,0,5.3,0.0,Android,1.0
9.553720834618575,678.0,AMOLED,FHD+,144.0,5160.0,1.0,45.0,0,50.0,0.0,1440p (Quad HD) 2K,30.0,13.0,8.0,6.0,474900.0,8.0,256.0,608.0,157.0,,0,5.4,1.0,Android,1.0
8.743742137785201,674.0,IPS LCD,HD+,90.0,5000.0,0.0,,0,32.0,0.0,1080p (Full HD),30.0,5.0,8.0,12.0,252600.0,4.0,128.0,784.0,187.0,,0,5.0,0.0,Android,1.0
10.304810761476958,67.0,AMOLED,FHD+,120.0,5000.0,1.0,67.0,0,50.0,1.0,2160p (Ultra HD) 4K,30.0,32.0,8.0,4.0,644700.0,8.0,256.0,875.0,196.0,,1,5.2,1.0,Android,1.0
9.806205429729575,64.0,Super AMOLED,FHD+,90.0,5000.0,1.0,25.0,0,48.0,1.0,2160p (Ultra HD) 4K,30.0,13.0,8.0,5.0,450500.0,6.0,128.0,81.0,186.0,Plastik (Cam Görünümlü),1,5.1,1.0,Android,1.0
10.292145542327912,61.0,IPS LCD,HD+,60.0,2942.0,1.0,15.0,1,12.0,1.0,2160p (Ultra HD) 4K,60.0,7.0,6.0,7.0,736800.0,3.0,64.0,83.0,194.0,Cam,0,5.0,1.0,iOS,1.0
9.245426588326154,674.0,IPS LCD,HD+,90.0,5500.0,1.0,15.0,0,50.0,0.0,1080p (Full HD),30.0,5.0,8.0,6.0,,8.0,256.0,819.0,199.0,,1,5.4,,Android,1.0
9.128153700988236,667.0,IPS LCD,HD+,90.0,6000.0,1.0,45.0,0,50.0,0.0,1080p (Full HD),30.0,5.0,8.0,11.0,,6.0,128.0,799.0,193.0,,0,5.0,1.0,Android,1.0
8.98994927917021,667.0,IPS LCD,FHD+,60.0,5020.0,1.0,30.0,0,64.0,0.0,2160p (Ultra HD) 4K,30.0,16.0,8.0,8.0,402600.0,6.0,64.0,88.0,209.0,Cam,0,5.0,1.0,Android,1.0
9.613474766079394,678.0,AMOLED,FHD+,144.0,5160.0,1.0,45.0,0,50.0,,1440p (Quad HD) 2K,30.0,13.0,8.0,6.0,,8.0,256.0,66.0,170.0,,0,5.4,1.0,Android,1.0
11.302204433654575,645.0,OLED,FHD+,120.0,5110.0,1.0,66.0,1,50.0,1.0,2160p (Ultra HD) 4K,60.0,8.0,12.0,7.0,1321200.0,12.0,512.0,985.0,239.0,Kauçuk/Plastik (Deri Görünümlü),0,5.2,1.0,Android,1.0
9.080815798462762,667.0,IPS LCD,FHD+,60.0,5020.0,1.0,30.0,0,64.0,0.0,2160p (Ultra HD) 4K,30.0,16.0,8.0,8.0,402600.0,6.0,128.0,88.0,209.0,Cam,0,5.0,1.0,Android,1.0
11.736069016284437,69.0,OLED,FHD+,120.0,4685.0,1.0,30.0,1,48.0,1.0,2160p (Ultra HD) 4K,60.0,12.0,6.0,3.0,1949200.0,8.0,1.0,825.0,227.0,Cam,1,5.3,1.0,iOS,1.0
10.338792329587958,667.0,AMOLED,QHD+,120.0,5000.0,1.0,120.0,0,50.0,1.0,4320p (Ultra HD) 8K,24.0,16.0,8.0,4.0,1538700.0,12.0,512.0,821.0,209.0,Cam,1,5.3,1.0,Android,1.0
10.868568448579715,61.0,OLED,FHD+,60.0,3227.0,1.0,20.0,1,12.0,1.0,2160p (Ultra HD) 4K,60.0,12.0,6.0,5.0,1550800.0,4.0,256.0,765.0,174.0,Cam,1,5.0,1.0,iOS,1.0
8.95157482435255,651.0,IPS LCD,HD+,60.0,5000.0,0.0,,0,48.0,,1080p (Full HD),30.0,24.0,8.0,12.0,274900.0,8.0,256.0,9.0,,,0,5.0,,Android,0.0
8.841020097504185,674.0,,HD+,60.0,4000.0,0.0,,0,64.0,0.0,1080p (Full HD),30.0,16.0,8.0,12.0,248300.0,8.0,128.0,,,,0,5.0,0.0,Android,0.0
8.999742789830492,66.0,IPS LCD,HD+,90.0,5000.0,1.0,18.0,0,50.0,0.0,1080p (Full HD),30.0,8.0,8.0,12.0,,8.0,256.0,89.0,196.0,,0,5.0,1.0,Android,0.0
9.769956159911606,678.0,AMOLED,FHD+,120.0,5000.0,1.0,70.0,0,50.0,1.0,1440p (Quad HD) 2K,30.0,50.0,8.0,6.0,506700.0,12.0,512.0,783.0,190.0,,1,5.3,1.0,Android,1.0
9.602382459752207,65.0,Super AMOLED,FHD+,90.0,5000.0,1.0,25.0,0,50.0,1.0,1080p (Full HD),30.0,13.0,8.0,6.0,402900.0,6.0,128.0,83.0,195.0,Plastik (Cam Görünümlü),0,5.3,1.0,Android,0.0
9.646682506937053,677.0,AMOLED,FHD+,120.0,6500.0,1.0,90.0,0,50.0,0.0,1080p (Full HD),30.0,32.0,8.0,6.0,383500.0,8.0,256.0,779.0,196.0,Plastik (Cam Görünümlü),0,5.0,1.0,Android,1.0
11.14692214672325,67.0,OLED,FHD+,60.0,4383.0,1.0,20.0,1,48.0,1.0,2160p (Ultra HD) 4K,60.0,12.0,6.0,4.0,1417400.0,6.0,256.0,78.0,201.0,Cam,1,5.3,1.0,iOS,1.0
10.819778284410283,68.0,AMOLED,FHD+,120.0,6500.0,1.0,80.0,0,50.0,1.0,4320p (Ultra HD) 8K,30.0,16.0,8.0,4.0,2213700.0,16.0,512.0,89.0,229.0,Cam,1,5.3,1.0,Android,0.0
10.205442284274628,678.0,AMOLED,FHD+,120.0,5500.0,1.0,120.0,0,50.0,1.0,2160p (Ultra HD) 4K,60.0,32.0,8.0,4.0,1489800.0,12.0,256.0,865.0,191.0,Plastik (Cam Görünümlü),1,5.4,1.0,Android,1.0
9.188888926125463,667.0,AMOLED,FHD+,120.0,5000.0,1.0,33.0,0,64.0,0.0,1440p (Quad HD) 2K,30.0,32.0,8.0,6.0,432900.0,8.0,256.0,782.0,185.0,,0,5.2,1.0,Android,1.0
10.668397099322965,66.0,Dynamic AMOLED,FHD+,120.0,4700.0,1.0,45.0,1,50.0,1.0,4320p (Ultra HD) 8K,30.0,12.0,8.0,4.0,1515500.0,8.0,256.0,76.0,195.0,Cam,1,5.3,1.0,Android,1.0
9.123478801946748,647.0,AMOLED,FHD+,60.0,5260.0,1.0,30.0,0,64.0,0.0,2160p (Ultra HD) 4K,30.0,16.0,8.0,8.0,,6.0,128.0,967.0,204.0,Cam,0,5.0,1.0,Android,0.0
9.491604895944155,643.0,AMOLED,FHD+,90.0,5000.0,1.0,33.0,0,108.0,0.0,1080p (Full HD),30.0,16.0,8.0,12.0,397500.0,8.0,128.0,809.0,179.0,Plastik (Cam Görünümlü),0,5.0,0.0,Android,1.0
9.78481605981863,678.0,AMOLED,FHD+,120.0,5200.0,1.0,45.0,0,50.0,1.0,1440p (Quad HD) 2K,30.0,32.0,8.0,6.0,444300.0,12.0,256.0,734.0,177.0,,0,5.4,1.0,Android,1.0
9.64049093817758,667.0,AMOLED,FHD+,120.0,5800.0,1.0,45.0,0,50.0,0.0,1080p (Full HD),60.0,32.0,8.0,6.0,426400.0,8.0,256.0,776.0,192.0,Plastik (Cam Görünümlü),0,5.3,1.0,Android,1.0
10.298902324790792,676.0,OLED,FHD+,120.0,5000.0,1.0,100.0,0,50.0,1.0,2160p (Ultra HD) 4K,30.0,60.0,8.0,7.0,653300.0,12.0,512.0,782.0,209.0,,0,5.2,1.0,Android,0.0
8.983193819332154,678.0,IPS LCD,FHD+,90.0,5000.0,1.0,18.0,0,64.0,0.0,1440p (Quad HD) 2K,30.0,13.0,8.0,12.0,283300.0,8.0,128.0,77.0,188.0,Plastik (Cam Görünümlü),0,,1.0,Android,1.0
10.254502810625418,67.0,Super AMOLED,FHD+,90.0,5000.0,1.0,25.0,0,64.0,1.0,2160p (Ultra HD) 4K,30.0,32.0,8.0,8.0,,8.0,128.0,84.0,203.0,Plastik (Cam Görünümlü),0,5.0,1.0,Android,1.0
8.626961976361729,66.0,IPS LCD,HD+,90.0,5000.0,0.0,,0,50.0,0.0,1080p (Full HD),30.0,5.0,8.0,28.0,154100.0,4.0,128.0,86.0,199.0,,0,5.2,1.0,Android,0.0
9.055093758499632,656.0,IPS LCD,HD+,120.0,5000.0,1.0,225.0,0,108.0,0.0,2160p (Ultra HD) 4K,30.0,8.0,8.0,6.0,469100.0,6.0,256.0,86.0,2055.0,Plastik (Cam Görünümlü),1,5.2,1.0,Android,0.0
10.039766916027851,65.0,Super AMOLED,FHD+,120.0,6000.0,1.0,25.0,0,50.0,1.0,2160p (Ultra HD) 4K,30.0,13.0,8.0,5.0,488200.0,6.0,128.0,88.0,208.0,Plastik (Cam Görünümlü),1,5.3,1.0,Android,0.0
9.035986984831405,678.0,IPS LCD,FHD+,120.0,5000.0,1.0,33.0,0,64.0,0.0,,,8.0,8.0,6.0,,8.0,128.0,875.0,205.0,,0,5.0,1.0,Android,
9.047821442478408,67.0,IPS LCD,HD+,120.0,5000.0,1.0,18.0,0,48.0,0.0,1440p (Quad HD) 2K,30.0,8.0,8.0,12.0,,8.0,256.0,81.0,1856.0,Plastik (Cam Görünümlü),0,,,Android,1.0
9.740968623038354,667.0,AMOLED,FHD+,120.0,5000.0,1.0,67.0,0,200.0,1.0,1080p (Full HD),60.0,16.0,8.0,6.0,438300.0,12.0,512.0,798.0,188.0,Cam,0,5.2,1.0,Android,1.0
8.971415447275781,674.0,IPS LCD,HD+,90.0,5000.0,1.0,15.0,0,50.0,0.0,1080p (Full HD),30.0,5.0,8.0,12.0,263600.0,8.0,256.0,784.0,188.0,Plastik (Cam Görünümlü),0,5.0,0.0,Android,1.0
9.210440366976517,679.0,IPS LCD,FHD+,90.0,5000.0,1.0,18.0,0,50.0,0.0,1080p (Full HD),30.0,8.0,8.0,12.0,278500.0,4.0,128.0,817.0,1985.0,Cam,0,5.3,0.0,Android,1.0
10.308952660644293,65.0,Super AMOLED,FHD+,60.0,6000.0,1.0,25.0,0,64.0,0.0,2160p (Ultra HD) 4K,30.0,32.0,8.0,10.0,,6.0,128.0,93.0,203.0,Polikarbonat,0,5.0,1.0,Android,0.0
11.104957978523363,61.0,OLED,FHD+,60.0,3349.0,1.0,20.0,1,48.0,1.0,2160p (Ultra HD) 4K,60.0,12.0,6.0,4.0,1753700.0,6.0,512.0,78.0,171.0,Cam,1,5.3,1.0,iOS,1.0
9.683152553543957,65.0,Super AMOLED,FHD+,120.0,4500.0,1.0,25.0,1,12.0,1.0,2160p (Ultra HD) 4K,60.0,32.0,8.0,7.0,743100.0,6.0,128.0,84.0,190.0,Polimer (Cam Görünümlü),0,5.0,1.0,Android,1.0
9.029297996680608,678.0,IPS LCD,FHD+,120.0,5000.0,1.0,33.0,0,50.0,0.0,1080p (Full HD),30.0,32.0,8.0,12.0,,6.0,128.0,835.0,200.0,,0,5.0,1.0,Android,0.0
9.045147281860693,667.0,IPS LCD,HD+,120.0,5000.0,1.0,18.0,0,48.0,0.0,1440p (Quad HD) 2K,30.0,8.0,8.0,12.0,268800.0,8.0,256.0,78.0,192.0,Plastik (Cam Görünümlü),0,,1.0,Android,1.0
9.375091807576673,65.0,Super AMOLED,FHD+,90.0,5000.0,1.0,25.0,0,50.0,0.0,1080p (Full HD),30.0,13.0,8.0,6.0,390700.0,4.0,128.0,84.0,200.0,Plastik (Cam Görünümlü),0,5.3,1.0,Android,0.0
10.996894651009443,62.0,Super AMOLED,HD+,120.0,4400.0,1.0,25.0,1,50.0,1.0,4320p (Ultra HD) 8K,30.0,10.0,8.0,4.0,1513900.0,12.0,256.0,134.0,253.0,Cam,1,5.3,1.0,Android,1.0
10.070538521809826,64.0,Super AMOLED,FHD+,120.0,5000.0,1.0,25.0,0,50.0,1.0,2160p (Ultra HD) 4K,30.0,32.0,8.0,5.0,623500.0,8.0,256.0,82.0,202.0,Cam,1,5.3,1.0,Android,1.0
11.359191714882353,65.0,OLED,FHD+,120.0,3149.0,1.0,20.0,1,48.0,1.0,2160p (Ultra HD) 4K,60.0,18.0,6.0,3.0,2123800.0,12.0,512.0,564.0,165.0,Cam,1,6.0,1.0,iOS,1.0
9.726637002454627,667.0,AMOLED,FHD+,120.0,5110.0,1.0,45.0,0,50.0,1.0,1080p (Full HD),30.0,20.0,8.0,6.0,475500.0,12.0,256.0,799.0,190.0,,1,5.3,1.0,Android,1.0
9.346517636193289,667.0,AMOLED,FHD+,120.0,5000.0,1.0,33.0,0,50.0,0.0,1080p (Full HD),30.0,13.0,8.0,6.0,348500.0,6.0,128.0,785.0,1835.0,,0,5.0,0.0,Android,1.0
8.936795233848184,653.0,IPS LCD,FHD+,60.0,6000.0,1.0,18.0,0,48.0,0.0,1080p (Full HD),30.0,8.0,8.0,11.0,253600.0,4.0,128.0,96.0,198.0,Plastik,0,5.0,,Android,1.0
9.998797732340453,677.0,AMOLED,FHD+,120.0,5000.0,1.0,33.0,0,50.0,0.0,2160p (Ultra HD) 4K,30.0,16.0,8.0,4.0,691700.0,8.0,128.0,83.0,199.0,Cam,1,5.4,1.0,Android,1.0
11.061467359471514,69.0,Dynamic AMOLED,FHD+,120.0,4300.0,1.0,25.0,1,50.0,1.0,2160p (Ultra HD) 4K,60.0,10.0,10.0,3.0,1943900.0,12.0,512.0,65.0,188.0,Cam,1,5.4,1.0,Android,1.0
10.039189961797659,67.0,AMOLED,FHD+,120.0,5200.0,1.0,100.0,0,50.0,1.0,2160p (Ultra HD) 4K,30.0,50.0,8.0,4.0,792700.0,8.0,256.0,77.0,187.0,Plastik (Cam Görünümlü),1,5.3,1.0,Android,0.0
8.87213663717682,667.0,IPS LCD,HD+,120.0,5000.0,1.0,15.0,0,8.0,0.0,1440p (Quad HD) 2K,30.0,8.0,8.0,12.0,270800.0,4.0,128.0,825.0,187.0,,0,,1.0,Android,1.0
11.44571671527678,63.0,OLED,FHD+,120.0,3582.0,1.0,25.0,1,48.0,1.0,2160p (Ultra HD) 4K,60.0,12.0,6.0,3.0,1853700.0,8.0,512.0,825.0,199.0,Cam,1,5.3,1.0,iOS,1.0
8.816186055013885,667.0,IPS LCD,HD+,120.0,5000.0,1.0,15.0,0,13.0,0.0,1080p (Full HD),30.0,8.0,8.0,12.0,254900.0,4.0,128.0,835.0,189.0,Plastik (Cam Görünümlü),0,5.0,0.0,Android,1.0
11.695247021764184,67.0,OLED,FHD+,120.0,4441.0,1.0,20.0,1,48.0,1.0,2160p (Ultra HD) 4K,60.0,12.0,6.0,3.0,1740400.0,8.0,512.0,825.0,221.0,Cam,1,5.3,1.0,iOS,1.0
10.157482274507444,67.0,AMOLED,FHD+,120.0,5000.0,1.0,66.0,0,200.0,0.0,2160p (Ultra HD) 4K,30.0,50.0,8.0,4.0,701900.0,12.0,512.0,78.0,183.0,,1,5.2,1.0,Android,0.0
8.6400301013753,652.0,IPS LCD,HD+,60.0,5000.0,1.0,15.0,0,50.0,0.0,1080p (Full HD),30.0,8.0,8.0,12.0,,4.0,128.0,89.0,190.0,Plastik (Cam Görünümlü),0,5.0,1.0,Android,0.0
10.499220340989032,683.0,AMOLED,FHD+,120.0,6500.0,1.0,90.0,0,50.0,1.0,2160p (Ultra HD) 4K,60.0,20.0,8.0,4.0,2024800.0,12.0,256.0,82.0,2157.0,Cam,1,6.0,1.0,Android,1.0
10.789299695294453,68.0,AMOLED,FHD+,120.0,6000.0,1.0,80.0,0,50.0,1.0,4320p (Ultra HD) 8K,30.0,16.0,8.0,4.0,2088900.0,16.0,512.0,785.0,205.0,,1,5.4,1.0,Android,1.0
8.909235279192261,667.0,IPS LCD,HD+,120.0,5000.0,1.0,15.0,0,13.0,0.0,1080p (Full HD),30.0,8.0,8.0,12.0,,4.0,128.0,825.0,,Plastik (Cam Görünümlü),0,,0.0,Android,1.0
11.26446410567173,61.0,OLED,FHD+,60.0,3561.0,1.0,25.0,1,48.0,1.0,2160p (Ultra HD) 4K,60.0,12.0,6.0,3.0,1517700.0,8.0,512.0,78.0,170.0,Cam,1,5.3,1.0,iOS,1.0
11.652687407345388,67.0,OLED,FHD+,120.0,4323.0,1.0,20.0,1,48.0,1.0,2160p (Ultra HD) 4K,60.0,12.0,6.0,4.0,1761400.0,6.0,1.0,785.0,240.0,Cam,1,5.3,1.0,iOS,1.0
8.84825366798702,67.0,IPS LCD,HD+,60.0,5000.0,0.0,,0,48.0,0.0,1080p (Full HD),30.0,16.0,8.0,12.0,264500.0,6.0,256.0,87.0,207.0,,0,5.0,0.0,Android,0.0
8.724207360800564,656.0,IPS LCD,HD+,90.0,5000.0,0.0,,0,13.0,0.0,,,8.0,8.0,28.0,,4.0,128.0,87.0,,,0,,1.0,Android,0.0
8.902962946474135,667.0,IPS LCD,HD+,120.0,5000.0,1.0,18.0,0,48.0,0.0,1440p (Quad HD) 2K,30.0,8.0,8.0,12.0,249200.0,4.0,128.0,78.0,192.0,Plastik (Cam Görünümlü),0,,1.0,Android,1.0
8.94105470980255,656.0,IPS LCD,HD+,90.0,5000.0,1.0,18.0,0,50.0,0.0,1080p (Full HD),30.0,32.0,8.0,12.0,260700.0,8.0,256.0,83.0,190.0,,0,5.0,1.0,Android,0.0
9.455325255328814,667.0,AMOLED,FHD+,120.0,4500.0,1.0,67.0,0,64.0,1.0,2160p (Ultra HD) 4K,60.0,20.0,8.0,7.0,840900.0,6.0,128.0,77.0,195.0,Cam,1,5.2,1.0,Android,0.0
9.358846580275406,66.0,PLS,FHD+,90.0,5000.0,1.0,25.0,0,50.0,1.0,1080p (Full HD),30.0,8.0,8.0,6.0,,4.0,128.0,84.0,195.0,Plastik,0,5.0,1.0,Android,0.0
9.40729435081445,65.0,PLS,HD+,60.0,5000.0,1.0,15.0,0,48.0,0.0,1080p (Full HD),30.0,13.0,8.0,8.0,,4.0,64.0,89.0,192.0,Plastik (Cam Görünümlü),0,5.0,1.0,Android,0.0
8.949685745244903,671.0,IPS LCD,HD+,60.0,5000.0,0.0,,0,50.0,0.0,1080p (Full HD),30.0,5.0,8.0,12.0,273400.0,4.0,128.0,877.0,192.0,Plastik,0,5.1,0.0,Android,0.0
11.538602958260002,61.0,OLED,FHD+,120.0,3200.0,1.0,20.0,1,48.0,1.0,2160p (Ultra HD) 4K,60.0,12.0,6.0,4.0,1432800.0,6.0,1.0,785.0,206.0,Cam,1,5.3,1.0,iOS,1.0
10.231898815201978,673.0,AMOLED,QHD+,120.0,4600.0,1.0,120.0,1,50.0,1.0,4320p (Ultra HD) 8K,24.0,32.0,8.0,4.0,1119400.0,12.0,256.0,816.0,205.0,Cam,1,5.2,1.0,Android,0.0
8.86014439413516,674.0,IPS LCD,HD+,90.0,5000.0,1.0,15.0,0,50.0,0.0,1080p (Full HD),30.0,5.0,8.0,12.0,259800.0,6.0,128.0,784.0,188.0,Plastik (Cam Görünümlü),0,5.0,0.0,Android,1.0
9.206131527202128,67.0,AMOLED,FHD+,120.0,5000.0,1.0,33.0,0,64.0,0.0,,,16.0,8.0,6.0,413000.0,8.0,256.0,796.0,,,0,,1.0,Android,0.0
9.878169744551839,682.0,IPS LCD,HD+,90.0,7000.0,1.0,18.0,0,16.0,0.0,1440p (Quad HD) 2K,30.0,8.0,8.0,12.0,,6.0,128.0,963.0,230.0,Plastik (Cam Görünümlü),0,5.0,1.0,Android,0.0
9.1495016647451,667.0,IPS LCD,HD+,90.0,5100.0,1.0,45.0,0,50.0,0.0,1080p (Full HD),30.0,5.0,8.0,11.0,249600.0,6.0,128.0,768.0,186.0,,0,5.0,1.0,Android,1.0
9.20029003612268,668.0,IPS LCD,HD+,90.0,6000.0,1.0,44.0,0,50.0,0.0,1080p (Full HD),30.0,8.0,8.0,12.0,278200.0,8.0,256.0,809.0,199.0,,0,5.0,1.0,Android,1.0
10.547236221420816,67.0,Dynamic AMOLED,FHD+,120.0,3700.0,1.0,25.0,1,12.0,1.0,2160p (Ultra HD) 4K,60.0,10.0,8.0,4.0,1507300.0,8.0,256.0,69.0,187.0,Cam,1,5.3,1.0,Android,1.0
9.047821442478408,672.0,IPS LCD,FHD+,90.0,5000.0,1.0,33.0,0,64.0,0.0,1080p (Full HD),60.0,8.0,8.0,12.0,,6.0,128.0,789.0,1895.0,Plastik (Cam Görünümlü),0,5.2,1.0,Android,0.0
9.426812116200054,667.0,AMOLED,FHD+,120.0,5000.0,1.0,67.0,0,50.0,1.0,2160p (Ultra HD) 4K,30.0,16.0,8.0,6.0,585100.0,8.0,128.0,79.0,187.0,Cam,1,5.2,1.0,Android,1.0
9.422362306749882,647.0,AMOLED,FHD+,60.0,5260.0,1.0,30.0,0,108.0,1.0,2160p (Ultra HD) 4K,30.0,32.0,8.0,8.0,370700.0,6.0,128.0,967.0,208.0,Cam,0,5.0,1.0,Android,0.0
9.336091577281744,678.0,IPS LCD,FHD+,120.0,5000.0,1.0,33.0,0,64.0,0.0,,,32.0,8.0,6.0,,8.0,256.0,875.0,208.0,,0,5.0,1.0,Android,
9.134759777584858,678.0,IPS LCD,FHD+,120.0,5000.0,1.0,18.0,0,50.0,0.0,1440p (Quad HD) 2K,30.0,8.0,8.0,6.0,437600.0,8.0,256.0,77.0,187.0,Plastik (Cam Görünümlü),0,5.0,1.0,Android,1.0
10.756538972268421,68.0,OLED,FHD+,120.0,5050.0,1.0,100.0,1,50.0,1.0,2160p (Ultra HD) 4K,60.0,13.0,8.0,7.0,929200.0,12.0,512.0,84.0,220.0,Cam,0,5.2,1.0,Android,1.0
11.231281791304093,68.0,OLED,FHD+,120.0,5600.0,1.0,80.0,1,50.0,1.0,2160p (Ultra HD) 4K,60.0,50.0,8.0,4.0,2051100.0,12.0,512.0,89.0,229.0,Cam | Kauçuk/Plastik (Deri Görünümlü),1,5.3,1.0,Android,1.0
8.435557882893606,651.0,IPS LCD,HD+,60.0,4000.0,,,0,13.0,0.0,,,8.0,8.0,28.0,,4.0,128.0,945.0,180.0,,0,,,Android,0.0
11.502875129116727,67.0,OLED,FHD+,120.0,4352.0,1.0,20.0,1,12.0,1.0,2160p (Ultra HD) 4K,60.0,12.0,6.0,5.0,1438500.0,6.0,512.0,765.0,240.0,Cam,1,5.0,1.0,iOS,1.0
9.32562963409582,65.0,PLS,HD+,60.0,5000.0,1.0,15.0,0,48.0,0.0,1080p (Full HD),30.0,8.0,8.0,12.0,152800.0,4.0,64.0,89.0,205.0,Plastik,0,5.0,0.0,Android,0.0
9.519966160310158,678.0,AMOLED,FHD+,120.0,5000.0,1.0,33.0,0,50.0,0.0,1440p (Quad HD) 2K,30.0,13.0,8.0,6.0,446100.0,8.0,256.0,68.0,162.0,Plastik (Cam Görünümlü),0,5.0,1.0,Android,1.0
9.101644299528855,67.0,PLS,HD+,60.0,5000.0,1.0,25.0,0,50.0,0.0,1080p (Full HD),60.0,8.0,8.0,12.0,247700.0,4.0,128.0,8.0,189.0,Plastik,0,5.3,0.0,Android,0.0
9.433483923290392,678.0,IPS LCD,FHD+,120.0,5000.0,1.0,33.0,0,108.0,0.0,1440p (Quad HD) 2K,30.0,32.0,8.0,6.0,439300.0,8.0,256.0,84.0,206.0,,0,5.2,1.0,Android,1.0
9.852246888342531,67.0,AMOLED,FHD+,120.0,5000.0,1.0,100.0,0,200.0,1.0,2160p (Ultra HD) 4K,30.0,32.0,8.0,6.0,560400.0,12.0,512.0,87.0,189.0,,1,5.2,1.0,Android,0.0
8.83837773592202,653.0,IPS LCD,HD+,90.0,5000.0,,,0,50.0,0.0,,,13.0,8.0,12.0,,6.0,128.0,,,,0,5.0,,Android,0.0
9.61857364517762,64.0,Super AMOLED,FHD+,60.0,4000.0,1.0,15.0,0,25.0,0.0,1080p (Full HD),30.0,25.0,8.0,10.0,274900.0,6.0,64.0,77.0,166.0,Plastik (Cam Görünümlü),0,5.0,0.0,Android,0.0
8.81478351462791,656.0,IPS LCD,HD+,90.0,5000.0,1.0,18.0,0,50.0,0.0,1080p (Full HD),30.0,8.0,8.0,12.0,154300.0,6.0,128.0,9.0,203.0,Plastik (Cam Görünümlü),0,5.0,0.0,Android,1.0
9.14711725198573,678.0,IPS LCD,FHD+,120.0,5000.0,1.0,45.0,0,64.0,0.0,1440p (Quad HD) 2K,30.0,16.0,8.0,6.0,438000.0,8.0,256.0,858.0,219.0,,0,,1.0,Android,1.0
11.407564949312402,61.0,OLED,FHD+,120.0,3095.0,1.0,20.0,1,12.0,1.0,2160p (Ultra HD) 4K,60.0,12.0,6.0,5.0,1484600.0,6.0,256.0,765.0,204.0,Cam,1,5.0,1.0,iOS,1.0
8.839769322845338,653.0,IPS LCD,HD+,60.0,5000.0,0.0,,0,13.0,0.0,1080p (Full HD),30.0,5.0,8.0,12.0,141900.0,3.0,64.0,90.0,196.0,Plastik,0,5.0,0.0,Android,1.0
8.962009773358902,674.0,IPS LCD,HD+,90.0,5500.0,1.0,15.0,0,13.0,0.0,1080p (Full HD),30.0,5.0,8.0,12.0,,6.0,256.0,819.0,199.0,Plastik (Cam Görünümlü),0,5.4,0.0,Android,1.0
9.104979856318357,67.0,IPS LCD,HD+,90.0,5000.0,1.0,225.0,0,108.0,0.0,1080p (Full HD),30.0,16.0,8.0,12.0,,8.0,256.0,82.0,,,0,,,Android,0.0
9.471043257117008,667.0,OLED,FHD+,120.0,5000.0,1.0,45.0,0,50.0,0.0,1080p (Full HD),30.0,32.0,8.0,6.0,374000.0,8.0,256.0,776.0,187.0,Plastik (Cam Görünümlü),0,5.0,1.0,Android,1.0
10.000432758592607,67.0,OLED,FHD+,120.0,5000.0,1.0,100.0,0,50.0,0.0,2160p (Ultra HD) 4K,30.0,60.0,8.0,7.0,595800.0,12.0,256.0,698.0,195.0,,0,5.2,1.0,Android,0.0
10.322230781590136,695.0,IPS LCD,FHD+,144.0,5000.0,1.0,33.0,0,100.0,0.0,2160p (Ultra HD) 4K,30.0,32.0,8.0,4.0,1019600.0,12.0,256.0,8.0,230.0,Metal,1,5.2,1.0,Android,0.0
9.210340371976184,678.0,IPS LCD,FHD+,120.0,5000.0,1.0,33.0,0,50.0,0.0,1080p (Full HD),30.0,32.0,8.0,12.0,,6.0,256.0,835.0,200.0,,0,5.0,1.0,Android,0.0
11.611172691064748,67.0,OLED,FHD+,120.0,4441.0,1.0,20.0,1,48.0,1.0,2160p (Ultra HD) 4K,60.0,12.0,6.0,3.0,1740400.0,8.0,1.0,825.0,221.0,Cam,1,5.3,1.0,iOS,1.0
10.494075844768336,61.0,OLED,FHD+,60.0,2815.0,1.0,20.0,1,12.0,1.0,2160p (Ultra HD) 4K,60.0,12.0,6.0,5.0,1250400.0,4.0,256.0,74.0,164.0,Cam,1,5.0,1.0,iOS,1.0
8.873466654772425,653.0,IPS LCD,FHD+,60.0,5020.0,1.0,18.0,0,13.0,0.0,1080p (Full HD),30.0,8.0,8.0,12.0,280700.0,4.0,64.0,91.0,198.0,Plastik,0,5.0,0.0,Android,0.0
10.41887764325511,67.0,AMOLED,FHD+,120.0,5000.0,1.0,67.0,0,50.0,1.0,2160p (Ultra HD) 4K,30.0,32.0,8.0,4.0,696600.0,12.0,512.0,875.0,196.0,,1,5.2,1.0,Android,1.0
11.218554404367652,67.0,OLED,FHD+,60.0,4383.0,1.0,20.0,1,48.0,1.0,2160p (Ultra HD) 4K,60.0,12.0,6.0,4.0,1417400.0,6.0,512.0,78.0,201.0,Cam,1,5.3,1.0,iOS,1.0
9.480205664031953,667.0,IPS LCD,HD+,90.0,5800.0,1.0,45.0,0,50.0,0.0,1080p (Full HD),30.0,8.0,8.0,11.0,,8.0,256.0,786.0,195.0,,0,5.0,1.0,Android,1.0
10.805129310200986,686.0,AMOLED,FHD+,120.0,4780.0,1.0,67.0,0,50.0,1.0,4320p (Ultra HD) 8K,24.0,32.0,8.0,4.0,1960500.0,12.0,512.0,78.0,190.0,,1,5.4,1.0,Android,0.0
10.088492173359143,667.0,AMOLED,FHD+,120.0,5000.0,1.0,120.0,0,200.0,1.0,4320p (Ultra HD) 8K,24.0,20.0,8.0,4.0,1345300.0,12.0,256.0,86.0,205.0,Cam,1,5.2,1.0,Android,1.0
11.547819523947549,67.0,OLED,FHD+,120.0,4323.0,1.0,20.0,1,48.0,1.0,2160p (Ultra HD) 4K,60.0,12.0,6.0,4.0,1761400.0,6.0,512.0,785.0,240.0,Cam,1,5.3,1.0,iOS,1.0
9.903487552536127,667.0,IPS LCD,FHD+,144.0,5000.0,1.0,33.0,0,108.0,1.0,4320p (Ultra HD) 8K,30.0,20.0,8.0,7.0,861000.0,8.0,128.0,933.0,218.0,Cam,1,5.1,1.0,Android,0.0
9.159047077588632,67.0,IPS LCD,HD+,120.0,5160.0,1.0,45.0,0,50.0,0.0,1440p (Quad HD) 2K,30.0,8.0,8.0,12.0,274600.0,6.0,128.0,77.0,188.0,Plastik (Cam Görünümlü),0,5.3,1.0,Android,1.0
9.923290179832307,67.0,AMOLED,FHD+,120.0,5000.0,1.0,67.0,0,64.0,0.0,2160p (Ultra HD) 4K,30.0,32.0,8.0,6.0,595600.0,8.0,256.0,754.0,177.0,Plastik (Cam Görünümlü),1,5.2,1.0,Android,1.0
9.648659816955295,643.0,AMOLED,FHD+,60.0,5000.0,1.0,33.0,0,48.0,0.0,1080p (Full HD),30.0,16.0,8.0,11.0,,4.0,128.0,795.0,175.0,Plastik (Cam Görünümlü),0,5.0,1.0,Android,0.0
9.262379538132215,647.0,AMOLED,FHD+,60.0,5260.0,1.0,30.0,0,64.0,0.0,2160p (Ultra HD) 4K,30.0,16.0,8.0,8.0,,6.0,64.0,967.0,204.0,Cam,0,5.0,1.0,Android,0.0
9.070100815561595,64.0,PLS,HD+,60.0,4000.0,1.0,15.0,0,13.0,0.0,1080p (Full HD),30.0,8.0,8.0,14.0,,2.0,32.0,8.0,177.0,Plastik,0,4.2,0.0,Android,0.0
11.407564949312402,65.0,OLED,FHD+,120.0,3149.0,1.0,20.0,1,48.0,1.0,2160p (Ultra HD) 4K,60.0,18.0,6.0,3.0,2123800.0,12.0,1.0,564.0,165.0,Cam,1,6.0,1.0,iOS,1.0
9.04924865881459,67.0,IPS LCD,HD+,120.0,5000.0,1.0,18.0,0,48.0,0.0,1440p (Quad HD) 2K,30.0,8.0,8.0,12.0,261600.0,6.0,128.0,81.0,1856.0,Plastik (Cam Görünümlü),0,,,Android,1.0
9.798127036878302,667.0,AMOLED,FHD+,120.0,5020.0,1.0,33.0,0,108.0,0.0,2160p (Ultra HD) 4K,30.0,16.0,8.0,8.0,417800.0,8.0,256.0,81.0,193.0,Cam,0,5.1,1.0,Android,1.0
9.574986263338012,65.0,IPS LCD,FHD+,90.0,5000.0,1.0,18.0,0,50.0,0.0,1080p (Full HD),30.0,8.0,8.0,12.0,255300.0,4.0,128.0,892.0,181.0,Plastik (Cam Görünümlü),0,5.1,0.0,Android,0.0
9.433563920090563,63.0,IPS LCD,HD+,60.0,5000.0,0.0,,0,13.0,0.0,1080p (Full HD),30.0,8.0,8.0,12.0,,3.0,64.0,904.0,185.0,,0,5.0,1.0,Android,0.0
9.525151111816216,667.0,AMOLED,FHD+,120.0,5000.0,1.0,67.0,0,50.0,1.0,1080p (Full HD),30.0,16.0,8.0,6.0,367500.0,8.0,512.0,792.0,187.0,,0,5.0,1.0,Android,1.0
11.355101379776661,67.0,OLED,FHD+,60.0,4674.0,1.0,30.0,1,48.0,1.0,2160p (Ultra HD) 4K,60.0,12.0,6.0,3.0,1572700.0,8.0,512.0,78.0,199.0,Cam,1,5.3,1.0,iOS,1.0
9.80615252410878,65.0,Super AMOLED,FHD+,120.0,5000.0,1.0,25.0,0,50.0,1.0,2160p (Ultra HD) 4K,30.0,13.0,8.0,5.0,485500.0,8.0,256.0,83.0,197.0,Plastik (Cam Görünümlü),1,5.3,1.0,Android,0.0
9.358760377094455,66.0,PLS,FHD+,60.0,5000.0,1.0,15.0,0,50.0,0.0,1080p (Full HD),30.0,8.0,8.0,8.0,,4.0,64.0,88.0,195.0,Plastik,0,5.0,0.0,Android,0.0
10.085800775962026,667.0,AMOLED,FHD+,120.0,5110.0,1.0,45.0,0,50.0,1.0,2160p (Ultra HD) 4K,30.0,20.0,8.0,4.0,646600.0,8.0,256.0,84.0,190.0,Kauçuk/Plastik (Deri Görünümlü) | Plastik (Cam Görünümlü),1,5.4,1.0,Android,1.0
9.90353755128617,667.0,AMOLED,FHD+,120.0,5100.0,1.0,67.0,0,64.0,1.0,2160p (Ultra HD) 4K,30.0,16.0,8.0,4.0,605800.0,12.0,512.0,798.0,181.0,Plastik (Cam Görünümlü),1,5.2,1.0,Android,1.0
9.478074806618269,667.0,IPS LCD,HD+,90.0,5000.0,1.0,45.0,0,50.0,0.0,1080p (Full HD),30.0,8.0,8.0,6.0,334900.0,8.0,128.0,768.0,186.0,,0,5.0,1.0,Android,1.0
9.832023773727578,678.0,AMOLED,FHD+,120.0,6000.0,1.0,70.0,0,108.0,0.0,1440p (Quad HD) 2K,30.0,32.0,8.0,6.0,439200.0,12.0,256.0,788.0,195.0,Plastik (Cam Görünümlü),1,5.3,1.0,Android,1.0
9.67213414236826,667.0,AMOLED,FHD+,60.0,4700.0,1.0,30.0,0,64.0,0.0,4320p (Ultra HD) 8K,30.0,20.0,8.0,7.0,756200.0,8.0,256.0,89.0,219.0,Cam,1,5.1,1.0,Android,0.0
11.05089000537367,61.0,OLED,FHD+,60.0,4005.0,1.0,20.0,1,48.0,1.0,2160p (Ultra HD) 4K,60.0,12.0,6.0,3.0,1405700.0,8.0,512.0,78.0,167.0,Cam,1,5.3,1.0,iOS,1.0
11.05089000537367,642.0,AMOLED,FHD+,120.0,5750.0,1.0,70.0,1,50.0,1.0,2160p (Ultra HD) 4K,60.0,32.0,8.0,4.0,1157000.0,12.0,512.0,1198.0,249.0,,1,5.3,1.0,Android,1.0
8.848078421168667,668.0,IPS LCD,HD+,90.0,5500.0,1.0,15.0,0,50.0,0.0,1080p (Full HD),30.0,5.0,8.0,12.0,247100.0,4.0,128.0,81.0,198.0,Plastik (Metalik Görünümlü),0,5.0,0.0,Android,1.0
9.375939552625749,674.0,IPS LCD,HD+,90.0,5000.0,1.0,18.0,0,50.0,0.0,1080p (Full HD),30.0,8.0,8.0,12.0,276600.0,8.0,256.0,809.0,192.0,Plastik (Cam Görünümlü),0,5.3,1.0,Android,1.0
9.367344120785848,64.0,Super AMOLED,FHD+,90.0,5000.0,1.0,67.0,0,108.0,0.0,1080p (Full HD),30.0,16.0,8.0,6.0,427200.0,8.0,256.0,795.0,178.0,,0,5.2,1.0,Android,0.0
9.209990310711888,655.0,AMOLED,FHD+,90.0,4250.0,1.0,33.0,0,64.0,0.0,2160p (Ultra HD) 4K,30.0,16.0,8.0,8.0,411900.0,6.0,128.0,681.0,157.0,Cam,0,5.1,1.0,Android,0.0
9.865670413911111,667.0,AMOLED,FHD+,120.0,5000.0,1.0,67.0,0,200.0,1.0,1080p (Full HD),60.0,16.0,8.0,6.0,433200.0,12.0,512.0,798.0,179.0,,0,5.3,1.0,Android,1.0
9.02401079378469,667.0,IPS LCD,HD+,90.0,5000.0,1.0,45.0,0,50.0,0.0,1080p (Full HD),30.0,8.0,8.0,12.0,273000.0,8.0,128.0,764.0,185.0,,0,5.0,1.0,Android,1.0
10.018651606095347,667.0,AMOLED,FHD+,120.0,5000.0,1.0,90.0,0,50.0,1.0,2160p (Ultra HD) 4K,60.0,20.0,8.0,4.0,1628600.0,8.0,256.0,78.0,179.0,Plastik (Cam Görünümlü),1,5.4,1.0,Android,1.0
9.175488023608962,64.0,Super AMOLED,FHD+,90.0,5000.0,1.0,67.0,0,108.0,0.0,1080p (Full HD),30.0,16.0,8.0,6.0,427200.0,8.0,128.0,795.0,178.0,,0,5.2,1.0,Android,0.0
9.103311799217659,64.0,Super AMOLED,FHD+,90.0,5000.0,1.0,33.0,0,50.0,0.0,1080p (Full HD),30.0,16.0,8.0,6.0,408000.0,8.0,128.0,795.0,178.0,Plastik (Cam Görünümlü),0,5.3,1.0,Android,0.0
10.811452924576287,61.0,OLED,FHD+,60.0,3227.0,1.0,20.0,1,12.0,1.0,2160p (Ultra HD) 4K,60.0,12.0,6.0,5.0,1550800.0,4.0,512.0,765.0,174.0,Cam,1,5.0,1.0,iOS,1.0
8.922279561145409,667.0,IPS LCD,FHD+,60.0,5020.0,1.0,18.0,0,48.0,0.0,2160p (Ultra HD) 4K,30.0,16.0,8.0,8.0,396000.0,4.0,64.0,88.0,209.0,Cam,0,5.0,0.0,Android,1.0
8.006367567650246,55.0,Super AMOLED,HD,60.0,3000.0,0.0,,0,13.0,0.0,1080p (Full HD),30.0,5.0,8.0,28.0,,15.0,16.0,75.0,171.0,Plastik,0,4.1,0.0,Android,0.0
10.320512256990977,677.0,AMOLED,FHD+,120.0,6000.0,1.0,90.0,0,50.0,1.0,2160p (Ultra HD) 4K,30.0,50.0,8.0,4.0,806100.0,12.0,256.0,739.0,199.0,Cam | Plastik (Cam Görünümlü),1,5.4,1.0,Android,1.0
9.852061617773284,667.0,AMOLED,FHD+,120.0,5100.0,1.0,67.0,0,64.0,1.0,2160p (Ultra HD) 4K,30.0,16.0,8.0,4.0,605800.0,12.0,256.0,798.0,181.0,Plastik (Cam Görünümlü),1,5.2,1.0,Android,1.0
9.686574550972555,67.0,OLED,FHD+,120.0,4500.0,1.0,66.0,0,50.0,0.0,2160p (Ultra HD) 4K,30.0,60.0,8.0,6.0,590900.0,8.0,256.0,688.0,168.0,,0,5.2,1.0,Android,0.0
10.868568448579715,61.0,OLED,FHD+,60.0,3279.0,1.0,20.0,1,12.0,1.0,2160p (Ultra HD) 4K,60.0,12.0,6.0,5.0,1381900.0,6.0,512.0,78.0,172.0,Cam,1,5.3,1.0,iOS,1.0
9.768125914605452,655.0,AMOLED,FHD+,120.0,4300.0,1.0,67.0,0,108.0,0.0,2160p (Ultra HD) 4K,30.0,32.0,8.0,6.0,598100.0,8.0,256.0,729.0,173.0,Cam,1,5.2,1.0,Android,0.0
9.621551606102532,667.0,AMOLED,FHD+,120.0,5000.0,1.0,67.0,0,108.0,0.0,1080p (Full HD),30.0,16.0,8.0,6.0,,8.0,256.0,812.0,205.0,Plastik (Cam Görünümlü),1,5.1,1.0,Android,1.0
9.723867343813835,667.0,AMOLED,FHD+,120.0,5000.0,1.0,67.0,0,108.0,0.0,2160p (Ultra HD) 4K,30.0,16.0,8.0,6.0,808800.0,8.0,128.0,88.0,203.0,Cam,1,5.2,1.0,Android,1.0
8.237743803890933,55.0,IPS LCD,HD+,60.0,3000.0,0.0,,0,8.0,0.0,1080p (Full HD),30.0,5.0,4.0,12.0,,2.0,32.0,995.0,172.0,Plastik,0,4.2,0.0,Android,0.0
9.210340371976184,652.0,IPS LCD,HD+,60.0,5000.0,0.0,,0,13.0,0.0,1080p (Full HD),30.0,8.0,8.0,12.0,,4.0,64.0,84.0,190.0,Plastik (Cam Görünümlü),0,5.0,0.0,Android,0.0
8.987196820661973,653.0,IPS LCD,FHD+,60.0,4500.0,1.0,18.0,0,64.0,0.0,2160p (Ultra HD) 4K,30.0,20.0,8.0,12.0,439200.0,6.0,64.0,88.0,199.0,Cam,0,5.0,1.0,Android,1.0
10.738702276399117,667.0,AMOLED,QHD+,120.0,6000.0,1.0,90.0,0,50.0,1.0,4320p (Ultra HD) 8K,24.0,20.0,8.0,4.0,2065300.0,12.0,512.0,812.0,206.0,Cam,1,5.4,1.0,Android,1.0
9.268609280100158,67.0,IPS LCD,HD+,120.0,5160.0,1.0,45.0,0,50.0,0.0,1440p (Quad HD) 2K,30.0,8.0,8.0,12.0,280300.0,8.0,256.0,77.0,188.0,Plastik (Cam Görünümlü),0,5.3,1.0,Android,1.0
8.850230965588816,678.0,IPS LCD,FHD+,120.0,5000.0,1.0,,0,64.0,0.0,1080p (Full HD),30.0,13.0,8.0,6.0,,8.0,256.0,835.0,,,0,5.2,1.0,Android,0.0
10.545245118280386,67.0,Dynamic AMOLED,FHD+,120.0,3700.0,1.0,25.0,1,12.0,1.0,2160p (Ultra HD) 4K,60.0,10.0,8.0,4.0,1258400.0,8.0,128.0,69.0,187.0,Cam,1,5.2,1.0,Android,1.0
8.58456020858473,675.0,IPS LCD,HD+,90.0,5000.0,,,0,48.0,0.0,,,16.0,8.0,12.0,,4.0,128.0,86.0,,,0,5.0,,Android,
11.487607656985938,63.0,OLED,FHD+,120.0,3582.0,1.0,25.0,1,48.0,1.0,2160p (Ultra HD) 4K,60.0,12.0,6.0,3.0,1853700.0,8.0,1.0,825.0,199.0,Cam,1,5.3,1.0,iOS,1.0
8.696175846944678,675.0,IPS LCD,HD+,90.0,5200.0,1.0,225.0,0,50.0,0.0,1080p (Full HD),30.0,8.0,8.0,12.0,222200.0,6.0,128.0,83.0,204.0,Plastik,0,5.2,1.0,Android,0.0
9.542735738013972,65.0,Super AMOLED,FHD+,90.0,6000.0,1.0,25.0,0,50.0,0.0,1080p (Full HD),30.0,13.0,8.0,6.0,370300.0,4.0,128.0,93.0,217.0,Plastik,1,5.3,1.0,Android,0.0
11.047243683073516,67.0,AMOLED,QHD+,120.0,5000.0,1.0,100.0,0,50.0,1.0,4320p (Ultra HD) 8K,24.0,16.0,8.0,4.0,1516900.0,16.0,256.0,853.0,205.0,Cam,1,5.3,1.0,Android,1.0
