urun_fiyat,ekran_ekran_boyutu,ekran_ekran_teknolojisi,ekran_ekran_çözünürlüğü_standardı,ekran_ekran_yenileme_hızı,batarya_batarya_kapasitesi_tipik,batarya_hızlı_şarj,batarya_hızlı_şarj_gücü_maks.,batarya_kablosuz_şarj,kamera_kamera_çözünürlüğü,kamera_optik_görüntü_sabitleyici_ois,kamera_video_kayıt_çözünürlüğü,kamera_video_fps_değeri,kamera_ön_kamera_çözünürlüğü,temel_donanim_cpu_çekirdeği,temel_donanim_cpu_üretim_teknolojisi,temel_donanim_antutu_puanı_v10,temel_donanim_bellek_ram,temel_donanim_dahili_depolama,tasarim_kalınlık,tasarim_ağırlık,tasarim_gövde_malzemesi_kapak,ağ_bağlantilari_5g,ağ_bağlantilari_4.5g_desteği,ağ_bağlantilari_4g,ağ_bağlantilari_2g,ağ_bağlantilari_3g,kablosuz_bağlantilar_bluetooth_versiyonu,kablosuz_bağlantilar_nfc,i̇şleti̇m_si̇stemi̇_i̇şletim_sistemi,özelli̇kler_suya_dayanıklılık
11.445727410406752,6.9,OLED,FHD+,120.0,4832.0,1.0,40.0,1,48.0,1.0,2160p (Ultra HD) 4K,60.0,18.0,6.0,3.0,2697900.0,12.0,256.0,8.75,231.0,Cam,0.0,1,1,1,1,6.0,1.0,iOS,1.0
10.772686676876432,6.1,OLED,FHD+,60.0,3349.0,1.0,20.0,1,48.0,1.0,2160p (Ultra HD) 4K,60.0,12.0,6.0,4.0,1753700.0,6.0,128.0,7.8,171.0,Cam,0.0,1,1,1,1,5.3,1.0,iOS,1.0
10.355599259176323,6.7,Dynamic AMOLED,FHD+,120.0,4900.0,1.0,45.0,1,50.0,1.0,4320p (Ultra HD) 8K,30.0,12.0,10.0,4.0,1810600.0,8.0,256.0,7.4,190.0,Cam,0.0,1,1,1,1,5.4,1.0,Android,1.0
11.177452728682098,6.3,OLED,FHD+,120.0,3692.0,1.0,40.0,1,48.0,1.0,2160p (Ultra HD) 4K,60.0,18.0,6.0,3.0,2542200.0,8.0,256.0,7.95,177.0,Cam,0.0,1,1,1,1,6.0,1.0,iOS,1.0
10.581419567289593,6.83,AMOLED,FHD+,144.0,5500.0,1.0,90.0,1,50.0,1.0,4320p (Ultra HD) 8K,30.0,32.0,8.0,3.0,2393700.0,12.0,512.0,7.96,210.0,Fiberglass,0.0,1,1,1,1,6.0,1.0,Android,1.0
9.987185111557695,6.7,Super AMOLED,FHD+,120.0,5000.0,1.0,45.0,0,50.0,1.0,2160p (Ultra HD) 4K,30.0,12.0,8.0,4.0,910.5,8.0,256.0,7.4,198.0,Cam,0.0,1,1,1,1,5.3,1.0,Android,1.0
11.466881526468821,6.3,OLED,FHD+,120.0,3988.0,1.0,40.0,1,48.0,1.0,2160p (Ultra HD) 4K,60.0,18.0,6.0,3.0,2430600.0,12.0,256.0,8.75,204.0,Cam,0.0,1,1,1,1,6.0,1.0,iOS,1.0
11.350406535472453,6.78,AMOLED,FHD+,120.0,7500.0,1.0,80.0,1,50.0,1.0,2160p (Ultra HD) 4K,60.0,50.0,8.0,3.0,2719600.0,16.0,512.0,8.25,224.0,Unknown,0.0,1,1,1,1,6.0,1.0,Android,1.0
10.977168112527893,6.1,OLED,FHD+,60.0,3561.0,1.0,25.0,1,48.0,1.0,2160p (Ultra HD) 4K,60.0,12.0,6.0,3.0,1517700.0,8.0,128.0,7.8,170.0,Cam,0.0,1,1,1,1,5.3,1.0,iOS,1.0
10.658798875125242,6.83,AMOLED,FHD+,144.0,5500.0,1.0,90.0,1,50.0,1.0,4320p (Ultra HD) 8K,30.0,32.0,8.0,3.0,2393700.0,12.0,256.0,7.96,210.0,Fiberglass,0.0,1,1,1,1,6.0,1.0,Android,1.0
11.289781913656018,6.71,OLED,FHD+,120.0,7100.0,1.0,100.0,1,50.0,1.0,2160p (Ultra HD) 4K,60.0,50.0,8.0,3.0,774.7,12.0,512.0,8.32,219.0,Unknown,0.0,1,1,1,1,6.0,1.0,Android,1.0
10.086267337660777,6.1,OLED,FHD+,60.0,3227.0,1.0,20.0,1,12.0,1.0,2160p (Ultra HD) 4K,60.0,12.0,6.0,5.0,1550800.0,4.0,128.0,7.65,174.0,Cam,0.0,1,1,1,1,5.0,1.0,iOS,1.0
9.423388333887711,6.67,AMOLED,FHD+,120.0,5500.0,1.0,45.0,0,200.0,1.0,1080p (Full HD),60.0,32.0,8.0,6.0,423.9,8.0,256.0,8.24,180.0,Plastik (Cam Görünümlü),0.0,1,1,1,1,5.3,1.0,Android,1.0
9.783860755696242,6.7,Super AMOLED,FHD+,120.0,5000.0,1.0,45.0,0,50.0,1.0,2160p (Ultra HD) 4K,30.0,12.0,8.0,4.0,655.2,8.0,256.0,7.4,195.0,Cam,0.0,1,1,1,1,5.4,1.0,Android,1.0
9.998615897627705,6.67,AMOLED,FHD+,120.0,6000.0,1.0,90.0,0,50.0,1.0,2160p (Ultra HD) 4K,60.0,20.0,8.0,4.0,1700100.0,12.0,512.0,8.29,195.0,Kauçuk/Plastik (Deri Görünümlü) | Plastik (Cam Görünümlü),0.0,1,1,1,1,6.0,1.0,Android,1.0
10.492662142713096,6.7,AMOLED,FHD+,120.0,6000.0,1.0,100.0,1,200.0,1.0,2160p (Ultra HD) 4K,60.0,50.0,8.0,4.0,1902700.0,12.0,512.0,8.1,205.0,Unknown,0.0,1,1,1,1,5.4,1.0,Android,1.0
11.23142464912873,6.9,Dynamic AMOLED,QHD+,120.0,5000.0,1.0,45.0,1,200.0,1.0,4320p (Ultra HD) 8K,30.0,12.0,8.0,3.0,2551600.0,12.0,256.0,8.2,218.0,Cam,0.0,1,1,1,1,5.4,1.0,Android,1.0
10.774780918479548,6.2,Dynamic AMOLED,FHD+,120.0,4000.0,1.0,25.0,1,50.0,1.0,4320p (Ultra HD) 8K,30.0,12.0,8.0,3.0,2193700.0,12.0,256.0,7.2,162.0,Cam,0.0,1,1,1,1,5.4,1.0,Android,1.0
11.119882876860622,6.31,AMOLED,FHD+,120.0,6040.0,1.0,90.0,1,200.0,1.0,2160p (Ultra HD) 4K,60.0,50.0,8.0,3.0,2554000.0,16.0,512.0,7.95,190.0,Cam,0.0,1,1,1,1,6.0,1.0,Android,1.0
10.605990828020099,6.1,OLED,FHD+,60.0,4005.0,1.0,20.0,1,48.0,1.0,2160p (Ultra HD) 4K,60.0,12.0,6.0,3.0,1405700.0,8.0,128.0,7.8,167.0,Cam,0.0,1,1,1,1,5.3,1.0,iOS,1.0
10.571316925111784,6.7,Dynamic AMOLED,QHD+,120.0,4900.0,1.0,45.0,1,50.0,1.0,4320p (Ultra HD) 8K,30.0,12.0,10.0,4.0,1827100.0,12.0,256.0,7.7,196.0,Cam,0.0,1,1,1,1,5.3,1.0,Android,1.0
10.362785959820085,6.2,Dynamic AMOLED,FHD+,120.0,4000.0,1.0,25.0,1,50.0,1.0,4320p (Ultra HD) 8K,30.0,12.0,10.0,4.0,1851600.0,8.0,256.0,7.6,167.0,Cam,0.0,1,1,1,1,5.3,1.0,Android,1.0
9.827457118251091,6.77,AMOLED,FHD+,120.0,6500.0,1.0,45.0,0,200.0,1.0,1080p (Full HD),60.0,32.0,8.0,6.0,774.7,8.0,256.0,7.96,195.0,Unknown,0.0,1,1,1,1,5.3,1.0,Android,1.0
9.11363341713563,6.9,IPS LCD,HD+,120.0,6000.0,1.0,33.0,0,50.0,0.0,1080p (Full HD),30.0,8.0,8.0,12.0,274.6,8.0,256.0,7.99,205.0,Unknown,0.0,1,1,1,1,5.4,1.0,Android,1.0
11.429201297364656,6.9,OLED,FHD+,120.0,4685.0,1.0,30.0,1,48.0,1.0,2160p (Ultra HD) 4K,60.0,12.0,6.0,3.0,1949200.0,8.0,256.0,8.25,227.0,Cam,0.0,1,1,1,1,5.3,1.0,iOS,1.0
9.568014816247999,6.7,Super AMOLED,FHD+,120.0,5000.0,1.0,25.0,0,50.0,1.0,2160p (Ultra HD) 4K,30.0,13.0,8.0,5.0,599.2,8.0,256.0,7.7,200.0,Cam,0.0,1,1,1,1,5.3,1.0,Android,1.0
11.093947214225787,6.8,Dynamic AMOLED,QHD+,120.0,5000.0,1.0,45.0,1,200.0,1.0,4320p (Ultra HD) 8K,30.0,12.0,8.0,4.0,2019200.0,12.0,256.0,8.6,232.0,Cam,0.0,1,1,1,1,5.3,1.0,Android,1.0
9.95227771670556,6.79,AMOLED,FHD+,120.0,7500.0,1.0,66.0,0,108.0,1.0,2160p (Ultra HD) 4K,30.0,16.0,8.0,4.0,754.2,8.0,256.0,7.76,189.0,Plastik (Cam Görünümlü),0.0,1,1,1,1,5.2,1.0,Android,1.0
8.955448122347393,6.7,PLS,HD+,90.0,5000.0,1.0,25.0,0,50.0,0.0,1080p (Full HD),30.0,8.0,8.0,6.0,394.4,4.0,128.0,7.6,184.0,Plastik (Cam Görünümlü),0.0,1,1,1,1,5.3,0.0,Android,1.0
11.277297810511259,6.9,Dynamic AMOLED,QHD+,120.0,5000.0,1.0,45.0,1,200.0,1.0,4320p (Ultra HD) 8K,30.0,12.0,8.0,3.0,2551600.0,12.0,512.0,8.2,218.0,Cam,0.0,1,1,1,1,5.4,1.0,Android,1.0
9.970722279392168,6.67,AMOLED,FHD+,120.0,6000.0,1.0,90.0,0,50.0,1.0,2160p (Ultra HD) 4K,60.0,20.0,8.0,4.0,1700100.0,8.0,256.0,8.29,195.0,Kauçuk/Plastik (Deri Görünümlü) | Plastik (Cam Görünümlü),0.0,1,1,1,1,6.0,1.0,Android,1.0
9.493039550406126,6.7,Super AMOLED,FHD+,90.0,5000.0,1.0,25.0,0,50.0,1.0,1080p (Full HD),30.0,13.0,8.0,5.0,463.1,8.0,256.0,7.5,192.0,Unknown,0.0,1,1,1,1,5.3,1.0,Android,1.0
10.886501916453192,6.1,OLED,FHD+,60.0,3349.0,1.0,20.0,1,48.0,1.0,2160p (Ultra HD) 4K,60.0,12.0,6.0,4.0,1753700.0,6.0,256.0,7.8,171.0,Cam,0.0,1,1,1,1,5.3,1.0,iOS,1.0
11.26446410567173,6.3,OLED,FHD+,120.0,3582.0,1.0,25.0,1,48.0,1.0,2160p (Ultra HD) 4K,60.0,12.0,6.0,3.0,1853700.0,8.0,128.0,8.25,199.0,Cam,0.0,1,1,1,1,5.3,1.0,iOS,1.0
11.03488966402723,6.7,Dynamic AMOLED,QHD+,120.0,4900.0,1.0,45.0,1,50.0,1.0,4320p (Ultra HD) 8K,30.0,12.0,8.0,3.0,2258900.0,12.0,256.0,7.3,190.0,Cam,0.0,1,1,1,1,5.4,1.0,Android,1.0
9.425528361561735,6.7,Super AMOLED,FHD+,120.0,5000.0,1.0,25.0,0,50.0,1.0,2160p (Ultra HD) 4K,30.0,13.0,8.0,5.0,583.3,6.0,128.0,7.7,200.0,Cam,0.0,1,1,1,1,5.3,1.0,Android,1.0
10.356997467739063,6.83,AMOLED,FHD+,120.0,5500.0,1.0,67.0,0,50.0,1.0,2160p (Ultra HD) 4K,60.0,32.0,8.0,4.0,1640700.0,12.0,256.0,7.5,194.0,Plastik (Cam Görünümlü),0.0,1,1,1,1,6.0,1.0,Android,1.0
9.71807983845394,6.57,AMOLED,FHD+,120.0,7000.0,1.0,80.0,0,50.0,0.0,1080p (Full HD),60.0,16.0,8.0,6.0,774.7,8.0,256.0,8.0,185.0,Unknown,0.0,1,1,1,1,5.4,1.0,Android,1.0
11.254326741944388,6.7,OLED,FHD+,120.0,4441.0,1.0,20.0,1,48.0,1.0,2160p (Ultra HD) 4K,60.0,12.0,6.0,3.0,1740400.0,8.0,256.0,8.25,221.0,Cam,0.0,1,1,1,1,5.3,1.0,iOS,1.0
11.400637565857323,6.78,AMOLED,FHD+,120.0,6510.0,1.0,90.0,1,50.0,1.0,4320p (Ultra HD) 8K,30.0,50.0,8.0,3.0,2982900.0,16.0,512.0,7.99,226.0,Cam,0.0,1,1,1,1,5.4,1.0,Android,1.0
10.346986772628886,6.83,AMOLED,FHD+,120.0,6500.0,1.0,100.0,0,200.0,1.0,2160p (Ultra HD) 4K,30.0,32.0,8.0,4.0,774.7,8.0,256.0,8.47,207.1,Unknown,0.0,1,1,1,1,5.4,1.0,Android,1.0
11.225243392518447,6.78,AMOLED,FHD+,165.0,7300.0,1.0,120.0,1,50.0,1.0,4320p (Ultra HD) 8K,30.0,32.0,8.0,3.0,2790200.0,16.0,512.0,8.2,215.0,Unknown,0.0,1,1,1,1,6.0,1.0,Android,1.0
10.925938480238674,6.8,OLED,FHD+,120.0,5850.0,1.0,100.0,1,50.0,1.0,2160p (Ultra HD) 4K,60.0,50.0,8.0,3.0,2727900.0,12.0,512.0,8.8,223.0,Cam,0.0,1,1,1,1,5.4,1.0,Android,1.0
11.767567605824427,6.9,OLED,FHD+,120.0,4832.0,1.0,40.0,1,48.0,1.0,2160p (Ultra HD) 4K,60.0,18.0,6.0,3.0,2697900.0,12.0,512.0,8.75,231.0,Cam,0.0,1,1,1,1,6.0,1.0,iOS,1.0
10.190807059268902,6.83,AMOLED,FHD+,120.0,6580.0,1.0,45.0,0,200.0,1.0,2160p (Ultra HD) 4K,30.0,20.0,8.0,4.0,774.7,8.0,256.0,7.96,210.0,Unknown,0.0,1,1,1,1,5.4,1.0,Android,1.0
11.222573163962569,6.5,OLED,FHD+,120.0,3149.0,1.0,20.0,1,48.0,1.0,2160p (Ultra HD) 4K,60.0,18.0,6.0,3.0,2123800.0,12.0,256.0,5.64,165.0,Cam,0.0,1,1,1,1,6.0,1.0,iOS,1.0
10.764571024654122,6.2,Dynamic AMOLED,FHD+,120.0,4000.0,1.0,25.0,1,50.0,1.0,4320p (Ultra HD) 8K,30.0,12.0,8.0,3.0,2193700.0,12.0,128.0,7.2,162.0,Cam,0.0,1,1,1,1,5.4,1.0,Android,1.0
9.336973022909548,6.9,IPS LCD,FHD+,144.0,7000.0,1.0,33.0,0,50.0,0.0,1080p (Full HD),30.0,8.0,8.0,6.0,372.1,8.0,256.0,8.4,214.0,Unknown,0.0,1,1,1,1,5.0,1.0,Android,1.0
10.346601626429049,6.83,AMOLED,FHD+,120.0,5500.0,1.0,67.0,0,50.0,1.0,2160p (Ultra HD) 4K,60.0,32.0,8.0,4.0,1640700.0,12.0,512.0,7.5,194.0,Plastik (Cam Görünümlü),0.0,1,1,1,1,6.0,1.0,Android,1.0
9.352107259626381,6.67,AMOLED,FHD+,120.0,5500.0,1.0,33.0,0,108.0,0.0,1080p (Full HD),60.0,20.0,8.0,6.0,443.5,8.0,256.0,8.16,196.5,Plastik (Cam Görünümlü),0.0,1,1,1,1,5.3,1.0,Android,1.0
9.694361544790091,6.7,Super AMOLED,FHD+,120.0,5000.0,1.0,45.0,0,50.0,1.0,2160p (Ultra HD) 4K,30.0,12.0,8.0,4.0,655.2,8.0,128.0,7.4,195.0,Cam,0.0,1,1,1,1,5.4,1.0,Android,1.0
11.187388242559194,6.1,OLED,FHD+,120.0,3274.0,1.0,20.0,1,48.0,1.0,2160p (Ultra HD) 4K,60.0,12.0,6.0,3.0,1791300.0,8.0,128.0,8.25,187.0,Cam,0.0,1,1,1,1,5.3,1.0,iOS,1.0
9.644663713360154,6.67,AMOLED,FHD+,120.0,5100.0,1.0,67.0,0,200.0,1.0,2160p (Ultra HD) 4K,30.0,16.0,8.0,4.0,581.5,8.0,256.0,7.98,187.0,Cam,0.0,1,1,1,1,5.2,1.0,Android,1.0
11.270737973483964,6.73,AMOLED,QHD+,120.0,5410.0,1.0,90.0,1,50.0,1.0,4320p (Ultra HD) 8K,30.0,32.0,8.0,3.0,2661600.0,16.0,512.0,9.48,226.0,Unknown,0.0,1,1,1,1,6.0,1.0,Android,1.0
10.807725945886109,6.7,Dynamic AMOLED,QHD+,120.0,3900.0,1.0,25.0,1,200.0,1.0,4320p (Ultra HD) 8K,30.0,12.0,8.0,3.0,2161200.0,12.0,256.0,5.8,163.0,Cam,0.0,1,1,1,1,5.4,1.0,Android,1.0
10.292466168887824,6.7,Dynamic AMOLED,FHD+,120.0,4700.0,1.0,25.0,1,50.0,1.0,4320p (Ultra HD) 8K,30.0,10.0,10.0,4.0,1832742.0,8.0,256.0,8.0,213.0,Cam,0.0,1,1,1,1,5.3,1.0,Android,1.0
10.898179029416,6.36,AMOLED,FHD+,120.0,5240.0,1.0,90.0,1,50.0,1.0,4320p (Ultra HD) 8K,30.0,32.0,8.0,3.0,2692300.0,12.0,512.0,8.08,191.0,Unknown,0.0,1,1,1,1,6.0,1.0,Android,1.0
9.8633424122317,6.78,AMOLED,FHD+,144.0,5200.0,1.0,45.0,0,50.0,1.0,2160p (Ultra HD) 4K,30.0,50.0,8.0,4.0,733.5,8.0,256.0,7.29,178.0,Unknown,0.0,1,1,1,1,5.4,1.0,Android,1.0
9.312896960301275,6.7,Super AMOLED,FHD+,90.0,5000.0,1.0,25.0,0,50.0,1.0,1080p (Full HD),30.0,13.0,8.0,5.0,445.3,6.0,128.0,7.5,192.0,Unknown,0.0,1,1,1,1,5.3,1.0,Android,1.0
9.781428952165564,6.4,Dynamic AMOLED,FHD+,120.0,4500.0,1.0,25.0,1,12.0,1.0,2160p (Ultra HD) 4K,60.0,32.0,8.0,5.0,955.8,8.0,128.0,7.9,177.0,Polimer (Cam Görünümlü),0.0,1,1,1,1,5.0,1.0,Android,1.0
10.053576422944428,6.55,AMOLED,FHD+,120.0,6000.0,1.0,80.0,0,200.0,1.0,2160p (Ultra HD) 4K,30.0,50.0,8.0,4.0,838.6,8.0,256.0,7.3,184.0,Unknown,0.0,1,1,1,1,5.4,1.0,Android,1.0
9.367344120785848,6.67,IPS LCD,HD+,120.0,6000.0,1.0,45.0,0,50.0,0.0,1080p (Full HD),30.0,8.0,8.0,6.0,774.7,8.0,256.0,7.99,194.0,Unknown,0.0,1,1,1,1,5.4,1.0,Android,1.0
9.602896516791432,6.78,AMOLED,FHD+,144.0,5160.0,1.0,45.0,0,50.0,0.0,1440p (Quad HD) 2K,30.0,13.0,8.0,6.0,449.9,8.0,256.0,6.09,156.0,Unknown,0.0,1,1,1,1,5.4,1.0,Android,1.0
11.12652741957929,6.7,OLED,FHD+,60.0,4674.0,1.0,30.0,1,48.0,1.0,2160p (Ultra HD) 4K,60.0,12.0,6.0,3.0,1572700.0,8.0,128.0,7.8,199.0,Cam,0.0,1,1,1,1,5.3,1.0,iOS,1.0
10.102338411281293,6.55,AMOLED,FHD+,120.0,6000.0,1.0,80.0,0,200.0,1.0,2160p (Ultra HD) 4K,30.0,50.0,8.0,4.0,848.1,12.0,256.0,7.3,184.0,Unknown,0.0,1,1,1,1,5.4,1.0,Android,1.0
10.19582128920296,6.67,AMOLED,FHD+,144.0,5000.0,1.0,67.0,0,50.0,1.0,2160p (Ultra HD) 4K,60.0,32.0,8.0,4.0,1359000.0,12.0,512.0,7.8,195.0,Plastik (Cam Görünümlü),0.0,1,1,1,1,5.4,1.0,Android,1.0
10.863332862022332,6.8,Dynamic AMOLED,QHD+,120.0,5000.0,1.0,45.0,1,200.0,1.0,4320p (Ultra HD) 8K,30.0,12.0,8.0,4.0,1542300.0,8.0,256.0,8.9,233.0,Cam,0.0,1,1,1,1,5.3,1.0,Android,1.0
9.691901950055648,6.67,AMOLED,FHD+,120.0,5500.0,1.0,45.0,0,200.0,1.0,1080p (Full HD),60.0,32.0,8.0,6.0,452.7,12.0,512.0,8.24,180.0,Plastik (Cam Görünümlü),0.0,1,1,1,1,5.3,1.0,Android,1.0
9.126958763037132,6.7,Super AMOLED,FHD+,90.0,5000.0,1.0,25.0,0,50.0,0.0,1080p (Full HD),30.0,13.0,8.0,6.0,387.4,4.0,128.0,7.9,200.0,Plastik (Cam Görünümlü),0.0,1,1,1,1,5.3,1.0,Android,1.0
10.399707023912757,6.59,AMOLED,FHD+,120.0,6000.0,1.0,80.0,0,50.0,1.0,2160p (Ultra HD) 4K,60.0,50.0,8.0,4.0,1384000.0,12.0,256.0,7.42,187.0,Unknown,0.0,1,1,1,1,5.4,1.0,Android,1.0
9.923290179832307,6.7,Super AMOLED,FHD+,120.0,5000.0,1.0,45.0,0,50.0,1.0,2160p (Ultra HD) 4K,30.0,12.0,8.0,4.0,910.5,8.0,128.0,7.4,198.0,Cam,0.0,1,1,1,1,5.3,1.0,Android,1.0
10.915088464214607,6.9,AMOLED,FHD+,120.0,6500.0,1.0,100.0,1,50.0,1.0,4320p (Ultra HD) 8K,30.0,32.0,8.0,3.0,2720000.0,12.0,256.0,8.05,220.0,Unknown,0.0,1,1,1,1,6.0,1.0,Android,1.0
9.674019669730162,6.77,AMOLED,FHD+,120.0,6000.0,1.0,33.0,0,108.0,0.0,1080p (Full HD),60.0,20.0,8.0,6.0,421.3,8.0,256.0,7.94,183.7,Unknown,0.0,1,1,1,1,5.3,1.0,Android,1.0
10.388102662282032,6.2,Dynamic AMOLED,FHD+,120.0,4000.0,1.0,25.0,1,50.0,1.0,4320p (Ultra HD) 8K,30.0,12.0,10.0,4.0,1588900.0,8.0,128.0,7.6,167.0,Cam,0.0,1,1,1,1,5.3,1.0,Android,1.0
11.002089507817516,6.85,AMOLED,FHD+,144.0,7500.0,1.0,80.0,1,50.0,1.0,4320p (Ultra HD) 8K,30.0,16.0,8.0,3.0,2974500.0,12.0,256.0,8.9,230.0,Cam,0.0,1,1,1,1,5.4,1.0,Android,1.0
10.389026137075234,6.1,OLED,FHD+,60.0,3279.0,1.0,20.0,1,12.0,1.0,2160p (Ultra HD) 4K,60.0,12.0,6.0,5.0,1381900.0,6.0,128.0,7.8,172.0,Cam,0.0,1,1,1,1,5.3,1.0,iOS,1.0
10.950806546816688,6.32,OLED,FHD+,120.0,6200.0,1.0,80.0,0,200.0,1.0,2160p (Ultra HD) 4K,60.0,50.0,8.0,4.0,774.7,12.0,512.0,8.13,188.0,Unknown,0.0,1,1,1,1,5.4,1.0,Android,1.0
9.792907326751548,6.4,Dynamic AMOLED,FHD+,120.0,4500.0,1.0,25.0,1,12.0,1.0,2160p (Ultra HD) 4K,60.0,32.0,8.0,5.0,941.4,8.0,128.0,7.9,177.0,Polimer (Cam Görünümlü),0.0,1,1,1,1,5.0,1.0,Android,1.0
10.799575577092764,6.31,AMOLED,FHD+,120.0,6500.0,1.0,90.0,0,50.0,1.0,2160p (Ultra HD) 4K,60.0,50.0,8.0,4.0,1939800.0,12.0,256.0,7.99,186.0,Cam,0.0,1,1,1,1,5.4,1.0,Android,1.0
9.993520194239013,6.67,AMOLED,FHD+,120.0,5000.0,1.0,120.0,0,200.0,1.0,2160p (Ultra HD) 4K,30.0,16.0,8.0,4.0,742.5,12.0,512.0,8.9,204.5,Cam,0.0,1,1,1,1,5.3,1.0,Android,1.0
9.635505487736227,6.57,AMOLED,FHD+,120.0,7000.0,1.0,80.0,0,50.0,0.0,1080p (Full HD),60.0,16.0,8.0,6.0,428.0,8.0,256.0,8.0,188.0,Unknown,0.0,1,1,1,1,5.4,1.0,Android,1.0
9.472704636443673,6.67,AMOLED,FHD+,120.0,5000.0,1.0,67.0,0,50.0,1.0,2160p (Ultra HD) 4K,30.0,16.0,8.0,6.0,599.6,8.0,256.0,7.87,190.0,Kauçuk/Plastik (Deri Görünümlü),0.0,1,1,1,1,5.2,1.0,Android,1.0
11.018629143155449,6.9,AMOLED,FHD+,120.0,6500.0,1.0,100.0,1,50.0,1.0,4320p (Ultra HD) 8K,30.0,32.0,8.0,3.0,2964400.0,16.0,512.0,8.05,220.0,Unknown,0.0,1,1,1,1,6.0,1.0,Android,1.0
9.721097193375345,6.78,AMOLED,FHD+,144.0,5000.0,1.0,45.0,0,108.0,1.0,2160p (Ultra HD) 4K,60.0,32.0,8.0,4.0,1003900.0,12.0,256.0,8.15,194.0,Unknown,0.0,1,1,1,1,5.3,1.0,Android,1.0
11.002099841204238,6.85,AMOLED,FHD+,144.0,7200.0,1.0,80.0,1,50.0,1.0,4320p (Ultra HD) 8K,30.0,16.0,8.0,3.0,2941800.0,16.0,512.0,8.6,227.0,Cam,0.0,1,1,1,1,6.0,1.0,Android,1.0
11.652687407345388,6.3,OLED,FHD+,120.0,3988.0,1.0,40.0,1,48.0,1.0,2160p (Ultra HD) 4K,60.0,18.0,6.0,3.0,2430600.0,12.0,512.0,8.75,204.0,Cam,0.0,1,1,1,1,6.0,1.0,iOS,1.0
10.096397025661302,6.77,AMOLED,FHD+,120.0,6500.0,1.0,45.0,0,200.0,1.0,1080p (Full HD),60.0,32.0,8.0,6.0,774.7,12.0,512.0,7.96,195.0,Unknown,0.0,1,1,1,1,5.3,1.0,Android,1.0
10.621327345686446,6.59,AMOLED,FHD+,120.0,6210.0,1.0,100.0,0,50.0,1.0,4320p (Ultra HD) 8K,30.0,20.0,8.0,3.0,774.7,12.0,256.0,8.0,199.0,Unknown,0.0,1,1,1,1,5.4,1.0,Android,1.0
9.210340371976184,6.7,Super AMOLED,FHD+,90.0,5000.0,1.0,25.0,0,50.0,1.0,1080p (Full HD),30.0,13.0,8.0,6.0,428.1,4.0,128.0,7.5,190.0,Plastik (Cam Görünümlü),0.0,1,1,1,1,5.3,1.0,Android,1.0
10.522720665218625,6.67,AMOLED,FHD+,144.0,5000.0,1.0,120.0,1,50.0,1.0,4320p (Ultra HD) 8K,30.0,32.0,8.0,4.0,2017000.0,12.0,512.0,8.39,209.0,Cam,0.0,1,1,1,1,5.4,1.0,Android,1.0
10.757902880692196,6.59,AMOLED,FHD+,120.0,6500.0,1.0,80.0,0,50.0,1.0,2160p (Ultra HD) 4K,60.0,50.0,8.0,4.0,774.7,12.0,256.0,7.89,197.0,Unknown,0.0,1,1,1,1,5.4,1.0,Android,1.0
10.596634733096073,6.67,AMOLED,FHD+,120.0,5150.0,1.0,65.0,1,50.0,1.0,2160p (Ultra HD) 4K,60.0,50.0,8.0,4.0,774.7,12.0,256.0,8.99,218.0,Unknown,0.0,1,1,1,1,6.0,1.0,Android,1.0
10.308952660644293,6.67,AMOLED,FHD+,120.0,5110.0,1.0,120.0,0,200.0,1.0,2160p (Ultra HD) 4K,30.0,20.0,8.0,4.0,750.3,12.0,512.0,8.75,210.0,Cam | Kauçuk/Plastik (Deri Görünümlü),0.0,1,1,1,1,5.4,1.0,Android,1.0
11.172511028078391,6.8,Dynamic AMOLED,QHD+,120.0,5000.0,1.0,45.0,1,200.0,1.0,4320p (Ultra HD) 8K,30.0,12.0,8.0,4.0,2043500.0,12.0,512.0,8.6,232.0,Cam,0.0,1,1,1,1,5.3,1.0,Android,1.0
10.077440859659566,6.83,AMOLED,FHD+,120.0,6500.0,1.0,100.0,0,50.0,1.0,2160p (Ultra HD) 4K,30.0,32.0,8.0,4.0,774.7,8.0,256.0,8.31,205.9,Unknown,0.0,1,1,1,1,5.4,1.0,Android,1.0
9.62911649414402,6.9,IPS LCD,FHD+,144.0,7000.0,1.0,33.0,0,50.0,0.0,1080p (Full HD),30.0,8.0,8.0,6.0,774.7,8.0,256.0,8.4,217.0,Unknown,0.0,1,1,1,1,5.1,1.0,Android,1.0
10.520155875690683,6.36,AMOLED,FHD+,120.0,4610.0,1.0,90.0,1,50.0,1.0,4320p (Ultra HD) 8K,24.0,32.0,8.0,4.0,1996900.0,12.0,256.0,8.2,193.0,Cam,0.0,1,1,1,1,5.4,1.0,Android,1.0
9.158967074388462,6.88,IPS LCD,HD+,120.0,5160.0,1.0,40.0,0,50.0,0.0,1080p (Full HD),30.0,13.0,8.0,12.0,270.1,8.0,256.0,8.22,211.0,Kauçuk/Plastik (Deri Görünümlü) | Plastik (Cam Görünümlü),0.0,1,1,1,1,5.4,0.0,Android,1.0
9.410995340041932,6.67,AMOLED,FHD+,120.0,5000.0,1.0,67.0,0,50.0,1.0,2160p (Ultra HD) 4K,30.0,16.0,8.0,6.0,585.1,8.0,256.0,7.9,187.0,Cam,0.0,1,1,1,1,5.2,1.0,Android,1.0
9.190137664658664,6.78,AMOLED,FHD+,120.0,5000.0,1.0,33.0,0,50.0,1.0,1440p (Quad HD) 2K,30.0,13.0,8.0,6.0,412.4,8.0,256.0,7.62,180.0,Plastik (Cam Görünümlü),0.0,1,1,1,1,5.3,1.0,Android,1.0
10.776661993336655,6.1,OLED,FHD+,60.0,4005.0,1.0,20.0,1,48.0,1.0,2160p (Ultra HD) 4K,60.0,12.0,6.0,3.0,1405700.0,8.0,256.0,7.8,167.0,Cam,0.0,1,1,1,1,5.3,1.0,iOS,1.0
11.326595886778735,6.3,OLED,FHD+,120.0,3582.0,1.0,25.0,1,48.0,1.0,2160p (Ultra HD) 4K,60.0,12.0,6.0,3.0,1853700.0,8.0,256.0,8.25,199.0,Cam,0.0,1,1,1,1,5.3,1.0,iOS,1.0
10.766820447545506,6.83,AMOLED,FHD+,144.0,5500.0,1.0,90.0,1,50.0,1.0,4320p (Ultra HD) 8K,30.0,32.0,8.0,3.0,2393700.0,12.0,1.0,7.96,210.0,Fiberglass,0.0,1,1,1,1,6.0,1.0,Android,1.0
9.5643970913544,6.67,AMOLED,FHD+,120.0,5000.0,1.0,67.0,0,200.0,1.0,1080p (Full HD),60.0,16.0,8.0,6.0,430.2,8.0,256.0,7.98,188.0,Cam,0.0,1,1,1,1,5.2,1.0,Android,1.0
11.35739383206604,6.9,Dynamic AMOLED,QHD+,120.0,5000.0,1.0,45.0,1,200.0,1.0,4320p (Ultra HD) 8K,30.0,12.0,8.0,3.0,2551600.0,12.0,1.0,8.2,218.0,Cam,0.0,1,1,1,1,5.4,1.0,Android,1.0
10.793452789392733,6.67,AMOLED,QHD+,120.0,5300.0,1.0,120.0,1,50.0,1.0,4320p (Ultra HD) 8K,24.0,32.0,8.0,3.0,2634300.0,16.0,512.0,8.39,212.0,Cam,0.0,1,1,1,1,6.0,1.0,Android,1.0
11.156237806664954,6.85,AMOLED,FHD+,144.0,7500.0,1.0,80.0,1,50.0,1.0,4320p (Ultra HD) 8K,30.0,16.0,8.0,3.0,3229800.0,16.0,512.0,8.9,230.0,Cam,0.0,1,1,1,1,5.4,1.0,Android,1.0
10.596634733096073,6.1,Dynamic AMOLED,FHD+,120.0,3700.0,1.0,25.0,1,50.0,1.0,4320p (Ultra HD) 8K,24.0,10.0,8.0,4.0,1206700.0,8.0,128.0,7.6,168.0,Cam,0.0,1,1,1,1,5.2,1.0,Android,1.0
7.24422751560335,4.0,Super AMOLED,SD,60.0,1500.0,0.0,40.0,0,5.0,0.0,720p (HD),30.0,0.3,2.0,45.0,774.7,1.0,8.0,9.9,120.0,Unknown,0.0,0,0,1,1,4.0,0.0,Android,0.0
11.41765828424143,6.5,Dynamic AMOLED,FHD+,120.0,4400.0,1.0,25.0,1,200.0,1.0,4320p (Ultra HD) 8K,30.0,10.0,8.0,3.0,1995100.0,12.0,256.0,8.9,215.0,Cam,0.0,1,1,1,1,5.4,1.0,Android,1.0
10.896739325546411,6.83,AMOLED,FHD+,165.0,7400.0,1.0,80.0,0,50.0,1.0,2160p (Ultra HD) 4K,60.0,32.0,8.0,3.0,774.7,12.0,512.0,8.3,215.0,Unknown,0.0,1,1,1,1,6.0,1.0,Android,1.0
9.400633405292153,6.67,AMOLED,FHD+,120.0,5500.0,1.0,33.0,0,108.0,0.0,1080p (Full HD),60.0,20.0,8.0,6.0,443.5,8.0,128.0,8.16,196.5,Plastik (Cam Görünümlü),0.0,1,1,1,1,5.3,1.0,Android,1.0
10.257565677657576,6.67,AMOLED,FHD+,144.0,5000.0,1.0,67.0,0,50.0,1.0,2160p (Ultra HD) 4K,60.0,32.0,8.0,4.0,1359000.0,12.0,256.0,7.8,195.0,Plastik (Cam Görünümlü),0.0,1,1,1,1,5.4,1.0,Android,1.0
10.307312983775264,6.67,AMOLED,FHD+,144.0,5000.0,1.0,120.0,0,50.0,1.0,4320p (Ultra HD) 8K,24.0,20.0,8.0,4.0,1527500.0,12.0,512.0,8.62,206.0,Cam | Kauçuk/Plastik (Deri Görünümlü),0.0,1,1,1,1,5.4,1.0,Android,1.0
9.975854724662028,6.7,AMOLED,FHD+,120.0,5000.0,1.0,67.0,0,100.0,1.0,2160p (Ultra HD) 4K,30.0,16.0,8.0,6.0,545.4,8.0,256.0,8.7,191.0,Kauçuk/Plastik (Deri Görünümlü),0.0,1,1,1,1,5.2,1.0,Android,0.0
10.239959789157341,6.79,AMOLED,FHD+,120.0,7500.0,1.0,66.0,0,108.0,1.0,2160p (Ultra HD) 4K,30.0,16.0,8.0,4.0,754.2,8.0,512.0,7.76,189.0,Plastik (Cam Görünümlü),0.0,1,1,1,1,5.2,1.0,Android,1.0
9.566545205430295,6.77,AMOLED,FHD+,120.0,6500.0,1.0,90.0,0,50.0,0.0,1080p (Full HD),30.0,32.0,8.0,6.0,774.7,8.0,256.0,7.59,194.0,Unknown,0.0,1,1,1,1,5.0,1.0,Android,1.0
9.082507000466299,6.72,IPS LCD,FHD+,90.0,5000.0,1.0,33.0,0,108.0,0.0,1080p (Full HD),30.0,8.0,8.0,6.0,314.8,8.0,256.0,7.59,185.0,Plastik (Cam Görünümlü),0.0,1,1,1,1,5.0,1.0,Android,1.0
9.391035607025554,6.75,IPS LCD,HD+,120.0,6000.0,1.0,18.0,0,50.0,0.0,1440p (Quad HD) 2K,30.0,5.0,8.0,6.0,774.7,8.0,256.0,8.14,199.0,Unknown,0.0,1,1,1,1,5.4,1.0,Android,1.0
11.382816779623209,6.3,OLED,FHD+,120.0,3692.0,1.0,40.0,1,48.0,1.0,2160p (Ultra HD) 4K,60.0,18.0,6.0,3.0,2542200.0,8.0,512.0,7.95,177.0,Cam,0.0,1,1,1,1,6.0,1.0,iOS,1.0
10.929977076708358,6.8,OLED,FHD+,120.0,5170.0,1.0,100.0,1,50.0,1.0,2160p (Ultra HD) 4K,60.0,13.0,8.0,7.0,1105100.0,12.0,512.0,8.3,219.0,Cam,0.0,1,1,1,1,5.2,1.0,Android,1.0
9.966206920016589,6.67,AMOLED,FHD+,120.0,5100.0,1.0,67.0,0,200.0,1.0,2160p (Ultra HD) 4K,30.0,16.0,8.0,4.0,601.7,12.0,512.0,7.98,187.0,Cam,0.0,1,1,1,1,5.2,1.0,Android,1.0
10.114599007626499,6.1,IPS LCD,HD+,60.0,3110.0,1.0,20.0,1,12.0,1.0,2160p (Ultra HD) 4K,60.0,12.0,6.0,7.0,950.7,4.0,64.0,8.3,194.0,Cam,0.0,1,1,1,1,5.0,1.0,iOS,1.0
11.119156687322887,6.7,OLED,FHD+,60.0,4383.0,1.0,20.0,1,48.0,1.0,2160p (Ultra HD) 4K,60.0,12.0,6.0,4.0,1417400.0,6.0,128.0,7.8,201.0,Cam,0.0,1,1,1,1,5.3,1.0,iOS,1.0
11.289781913656018,6.1,OLED,FHD+,120.0,3095.0,1.0,20.0,1,12.0,1.0,2160p (Ultra HD) 4K,60.0,12.0,6.0,5.0,1484600.0,6.0,128.0,7.65,204.0,Cam,0.0,1,1,1,1,5.0,1.0,iOS,1.0
11.356271654924852,6.8,OLED,FHD+,120.0,5170.0,1.0,100.0,1,50.0,1.0,2160p (Ultra HD) 4K,60.0,13.0,8.0,7.0,1160300.0,16.0,512.0,8.3,233.5,Cam,0.0,1,1,1,1,5.2,1.0,Android,1.0
10.601679238158788,6.7,Dynamic AMOLED,FHD+,120.0,4000.0,1.0,25.0,1,50.0,1.0,2160p (Ultra HD) 4K,60.0,10.0,8.0,4.0,1511600.0,12.0,256.0,6.9,187.0,Cam,0.0,1,1,1,1,5.3,1.0,Android,1.0
9.648595302907339,6.7,AMOLED,FHD+,120.0,5000.0,1.0,67.0,0,50.0,1.0,2160p (Ultra HD) 4K,30.0,16.0,8.0,4.0,615.5,8.0,256.0,8.75,190.0,Unknown,0.0,1,1,1,1,5.2,1.0,Android,1.0
10.416311178964792,6.57,AMOLED,FHD+,120.0,7000.0,1.0,80.0,0,50.0,1.0,2160p (Ultra HD) 4K,30.0,50.0,8.0,4.0,774.7,12.0,256.0,8.27,202.0,Unknown,0.0,1,1,1,1,5.1,1.0,Android,1.0
10.170916278633152,6.57,AMOLED,FHD+,120.0,6000.0,1.0,45.0,0,50.0,1.0,2160p (Ultra HD) 4K,30.0,32.0,8.0,4.0,677.736,12.0,256.0,7.78,180.0,Unknown,0.0,1,1,1,1,5.1,1.0,Android,1.0
10.043292972227004,6.6,Super AMOLED,FHD+,120.0,5000.0,1.0,25.0,0,50.0,1.0,2160p (Ultra HD) 4K,30.0,32.0,8.0,4.0,740.8,8.0,128.0,8.2,213.0,Cam,0.0,1,1,1,1,5.3,1.0,Android,1.0
9.847712123108694,6.4,Super AMOLED,FHD+,120.0,5000.0,1.0,25.0,0,50.0,1.0,2160p (Ultra HD) 4K,30.0,32.0,8.0,5.0,623.5,8.0,128.0,8.2,202.0,Cam,0.0,1,1,1,1,5.3,1.0,Android,1.0
10.239959789157341,6.55,AMOLED,FHD+,120.0,6000.0,1.0,80.0,0,200.0,1.0,2160p (Ultra HD) 4K,30.0,50.0,8.0,4.0,848.1,12.0,512.0,7.3,184.0,Unknown,0.0,1,1,1,1,5.4,1.0,Android,1.0
11.22390916950531,6.7,OLED,FHD+,60.0,4674.0,1.0,30.0,1,48.0,1.0,2160p (Ultra HD) 4K,60.0,12.0,6.0,3.0,1572700.0,8.0,256.0,7.8,199.0,Cam,0.0,1,1,1,1,5.3,1.0,iOS,1.0
10.668955394675699,6.59,AMOLED,FHD+,120.0,6210.0,1.0,100.0,0,50.0,1.0,4320p (Ultra HD) 8K,30.0,20.0,8.0,3.0,774.7,12.0,512.0,8.0,199.0,Unknown,0.0,1,1,1,1,5.4,1.0,Android,1.0
10.97678254604033,6.9,Dynamic AMOLED,FHD+,120.0,4300.0,1.0,25.0,1,50.0,1.0,2160p (Ultra HD) 4K,60.0,10.0,10.0,3.0,1943900.0,12.0,256.0,6.5,188.0,Cam,0.0,1,1,1,1,5.4,1.0,Android,1.0
9.457200449907708,6.7,Super AMOLED,FHD+,90.0,5000.0,1.0,25.0,0,50.0,0.0,1080p (Full HD),30.0,13.0,8.0,5.0,435.9,8.0,256.0,7.9,200.0,Plastik (Cam Görünümlü),0.0,1,1,1,1,5.3,1.0,Android,1.0
9.748849837459789,6.6,Super AMOLED,FHD+,120.0,5000.0,1.0,25.0,0,50.0,1.0,2160p (Ultra HD) 4K,30.0,13.0,8.0,5.0,612.1,8.0,128.0,8.2,209.0,Cam,0.0,1,1,1,1,5.3,1.0,Android,1.0
11.104494713686279,6.73,AMOLED,QHD+,120.0,5000.0,1.0,90.0,1,50.0,1.0,4320p (Ultra HD) 8K,30.0,32.0,8.0,4.0,2114700.0,16.0,512.0,9.2,219.8,Cam | Kauçuk/Plastik (Deri Görünümlü),0.0,1,1,1,1,5.4,1.0,Android,1.0
10.550591841714537,6.9,Dynamic AMOLED,QHD+,120.0,4500.0,1.0,25.0,1,108.0,1.0,4320p (Ultra HD) 8K,24.0,10.0,8.0,7.0,774.7,8.0,256.0,8.1,208.0,Cam,0.0,1,1,1,1,5.0,1.0,Android,1.0
10.714417768752456,6.1,Dynamic AMOLED,FHD+,120.0,3900.0,1.0,25.0,1,50.0,1.0,4320p (Ultra HD) 8K,30.0,12.0,8.0,4.0,1524200.0,8.0,128.0,7.6,168.0,Cam,0.0,1,1,1,1,5.3,1.0,Android,1.0
9.20804273442746,6.7,AMOLED,FHD+,120.0,5000.0,1.0,33.0,0,50.0,0.0,1440p (Quad HD) 2K,30.0,16.0,8.0,6.0,415.2,8.0,256.0,7.96,188.0,Cam,0.0,1,1,1,1,5.2,1.0,Android,0.0
10.10608384738666,6.67,AMOLED,FHD+,144.0,5000.0,1.0,67.0,0,50.0,1.0,2160p (Ultra HD) 4K,30.0,20.0,8.0,4.0,934.1,12.0,256.0,8.62,197.0,Cam | Kauçuk/Plastik (Deri Görünümlü),0.0,1,1,1,1,5.4,1.0,Android,1.0
11.440365524765756,6.5,Dynamic AMOLED,FHD+,120.0,4400.0,1.0,25.0,1,200.0,1.0,4320p (Ultra HD) 8K,30.0,10.0,8.0,3.0,1995100.0,12.0,512.0,8.9,215.0,Cam,0.0,1,1,1,1,5.4,1.0,Android,1.0
9.159047077588632,6.72,IPS LCD,FHD+,90.0,5828.0,1.0,45.0,0,50.0,0.0,1080p (Full HD),30.0,8.0,8.0,12.0,279.1,8.0,128.0,7.99,196.0,Plastik (Cam Görünümlü),0.0,1,1,1,1,5.0,1.0,Android,1.0
8.810704242316461,6.3,IPS LCD,FHD+,60.0,4000.0,1.0,18.0,0,48.0,0.0,2160p (Ultra HD) 4K,30.0,13.0,8.0,11.0,250.3,4.0,64.0,8.35,190.0,Cam,0.0,1,1,1,1,4.2,0.0,Android,1.0
10.921396707163876,6.7,Dynamic AMOLED,QHD+,120.0,3900.0,1.0,25.0,1,200.0,1.0,4320p (Ultra HD) 8K,30.0,12.0,8.0,3.0,2161200.0,12.0,512.0,5.8,163.0,Cam,0.0,1,1,1,1,5.4,1.0,Android,1.0
10.431273532876919,6.1,Dynamic AMOLED,FHD+,120.0,3900.0,1.0,25.0,1,50.0,1.0,4320p (Ultra HD) 8K,30.0,12.0,8.0,4.0,1591500.0,8.0,256.0,7.6,168.0,Cam,0.0,1,1,1,1,5.3,1.0,Android,1.0
10.077020603297003,6.78,AMOLED,FHD+,144.0,5200.0,1.0,45.0,0,50.0,1.0,2160p (Ultra HD) 4K,30.0,50.0,8.0,4.0,733.5,12.0,256.0,7.29,178.0,Unknown,0.0,1,1,1,1,5.4,1.0,Android,1.0
10.594156665220533,6.7,Dynamic AMOLED,FHD+,120.0,4900.0,1.0,45.0,1,50.0,1.0,4320p (Ultra HD) 8K,30.0,12.0,10.0,4.0,1810600.0,8.0,512.0,7.4,190.0,Cam,0.0,1,1,1,1,5.4,1.0,Android,1.0
9.457200449907708,6.78,AMOLED,FHD+,144.0,5200.0,1.0,45.0,0,50.0,0.0,1440p (Quad HD) 2K,30.0,13.0,8.0,6.0,446.0,8.0,256.0,6.69,170.0,Plastik (Cam Görünümlü),0.0,1,1,1,1,5.4,1.0,Android,1.0
9.791440285861468,6.67,AMOLED,FHD+,120.0,5000.0,1.0,67.0,0,64.0,1.0,2160p (Ultra HD) 4K,30.0,16.0,8.0,4.0,1134500.0,12.0,256.0,7.9,181.0,Plastik (Cam Görünümlü),0.0,1,1,1,1,5.3,1.0,Android,1.0
10.036633745980971,6.67,AMOLED,FHD+,120.0,5000.0,1.0,90.0,0,50.0,1.0,2160p (Ultra HD) 4K,60.0,20.0,8.0,4.0,1510100.0,12.0,512.0,7.8,179.0,Plastik (Cam Görünümlü),0.0,1,1,1,1,5.4,1.0,Android,1.0
9.791440285861468,6.67,AMOLED,FHD+,120.0,5000.0,1.0,67.0,0,64.0,1.0,2160p (Ultra HD) 4K,30.0,16.0,8.0,4.0,1134500.0,12.0,256.0,7.9,181.0,Plastik (Cam Görünümlü),0.0,1,1,1,1,5.3,1.0,Android,1.0
10.036633745980971,6.67,AMOLED,FHD+,120.0,5000.0,1.0,90.0,0,50.0,1.0,2160p (Ultra HD) 4K,60.0,20.0,8.0,4.0,1510100.0,12.0,512.0,7.8,179.0,Plastik (Cam Görünümlü),0.0,1,1,1,1,5.4,1.0,Android,1.0
10.286430258110272,6.4,Dynamic AMOLED,FHD+,120.0,4500.0,1.0,25.0,1,50.0,1.0,4320p (Ultra HD) 8K,24.0,10.0,8.0,4.0,1257500.0,8.0,128.0,8.2,209.0,Cam,0.0,1,1,1,1,5.3,1.0,Android,1.0
9.415095894977114,6.9,IPS LCD,HD+,120.0,6000.0,1.0,33.0,0,50.0,0.0,1080p (Full HD),30.0,8.0,8.0,6.0,419.9,8.0,256.0,8.2,211.0,Plastik (Cam Görünümlü),0.0,1,1,1,1,5.4,1.0,Android,1.0
10.593749324305026,6.67,AMOLED,FHD+,144.0,5000.0,1.0,120.0,1,50.0,1.0,4320p (Ultra HD) 8K,30.0,32.0,8.0,4.0,2017000.0,12.0,256.0,8.39,209.0,Cam,0.0,1,1,1,1,5.4,1.0,Android,1.0
11.097410021008562,6.85,AMOLED,FHD+,144.0,7200.0,1.0,80.0,1,50.0,1.0,4320p (Ultra HD) 8K,30.0,16.0,8.0,3.0,2941800.0,16.0,1.0,8.6,227.0,Cam,0.0,1,1,1,1,6.0,1.0,Android,1.0
11.991117043779226,6.9,OLED,FHD+,120.0,4832.0,1.0,40.0,1,48.0,1.0,2160p (Ultra HD) 4K,60.0,18.0,6.0,3.0,2697900.0,12.0,2.0,8.75,231.0,Cam,0.0,1,1,1,1,6.0,1.0,iOS,1.0
9.266830340233932,6.67,IPS LCD,HD+,120.0,5200.0,1.0,45.0,0,50.0,0.0,Unknown,30.0,8.0,8.0,12.0,774.7,8.0,256.0,7.67,188.0,Unknown,0.0,1,1,1,1,5.4,1.0,Android,1.0
9.598998361767967,6.78,AMOLED,FHD+,120.0,5200.0,1.0,45.0,0,50.0,1.0,1440p (Quad HD) 2K,30.0,32.0,8.0,6.0,432.4,8.0,256.0,7.34,177.0,Unknown,0.0,1,1,1,1,5.4,1.0,Android,1.0
10.373491181781864,6.73,AMOLED,QHD+,120.0,4820.0,1.0,120.0,1,50.0,1.0,4320p (Ultra HD) 8K,24.0,32.0,8.0,4.0,1559800.0,12.0,256.0,8.38,229.0,Unknown,0.0,1,1,1,1,5.3,1.0,Android,1.0
9.126958763037132,6.9,IPS LCD,HD+,120.0,6000.0,1.0,33.0,0,50.0,0.0,1080p (Full HD),30.0,8.0,8.0,12.0,264.0,6.0,128.0,7.99,205.0,Unknown,0.0,1,1,1,1,5.4,1.0,Android,1.0
10.439980923050696,6.77,AMOLED,FHD+,120.0,6500.0,1.0,90.0,0,50.0,1.0,2160p (Ultra HD) 4K,30.0,50.0,8.0,4.0,774.7,12.0,256.0,7.75,200.0,Cam | Plastik (Cam Görünümlü),0.0,1,1,1,1,5.4,1.0,Android,1.0
8.824677891164198,6.74,IPS LCD,HD+,90.0,5500.0,1.0,15.0,0,13.0,0.0,1080p (Full HD),30.0,5.0,8.0,12.0,248.1,4.0,128.0,8.19,199.0,Plastik (Cam Görünümlü),0.0,1,1,1,1,5.4,0.0,Android,1.0
10.358250632365579,6.7,Dynamic AMOLED,FHD+,120.0,4700.0,1.0,25.0,1,50.0,1.0,4320p (Ultra HD) 8K,30.0,10.0,10.0,4.0,1788500.0,8.0,128.0,8.0,213.0,Cam,0.0,1,1,1,1,5.3,1.0,Android,1.0
9.464300187022932,6.67,Super AMOLED,FHD+,120.0,5000.0,1.0,33.0,0,50.0,0.0,2160p (Ultra HD) 4K,30.0,16.0,8.0,4.0,646.6,8.0,128.0,9.0,197.0,Plastik,0.0,1,1,1,1,5.3,0.0,Android,1.0
10.26291011830247,6.7,Super AMOLED,FHD+,120.0,5000.0,1.0,25.0,0,108.0,1.0,2160p (Ultra HD) 4K,30.0,32.0,8.0,6.0,774.7,8.0,128.0,7.6,181.0,Unknown,0.0,1,1,1,1,5.0,1.0,Android,1.0
10.268025799514616,6.83,AMOLED,FHD+,120.0,6500.0,1.0,100.0,0,50.0,1.0,2160p (Ultra HD) 4K,30.0,32.0,8.0,4.0,837.7,12.0,512.0,8.31,205.9,Unknown,0.0,1,1,1,1,5.4,1.0,Android,1.0
10.126631103850338,6.77,AMOLED,FHD+,120.0,5000.0,1.0,50.0,0,50.0,1.0,2160p (Ultra HD) 4K,30.0,32.0,8.0,4.0,770.1,12.0,256.0,8.35,201.0,Cam,0.0,1,1,1,1,5.4,1.0,Android,1.0
11.501553650287464,6.7,OLED,FHD+,120.0,4323.0,1.0,20.0,1,48.0,1.0,2160p (Ultra HD) 4K,60.0,12.0,6.0,4.0,1761400.0,6.0,256.0,7.85,240.0,Cam,0.0,1,1,1,1,5.3,1.0,iOS,1.0
9.69482304709609,6.6,Super AMOLED,FHD+,120.0,5000.0,1.0,25.0,0,48.0,1.0,2160p (Ultra HD) 4K,30.0,13.0,8.0,6.0,560.1,8.0,256.0,8.2,199.0,Plastik (Cam Görünümlü),0.0,1,1,1,1,5.3,1.0,Android,1.0
9.277999020449997,6.67,IPS LCD,HD+,90.0,6000.0,1.0,45.0,0,50.0,0.0,1080p (Full HD),30.0,5.0,8.0,11.0,774.7,8.0,256.0,7.99,193.0,Unknown,0.0,1,1,1,1,5.0,1.0,Android,1.0
9.60245002503719,6.78,AMOLED,FHD+,144.0,5000.0,1.0,68.0,0,108.0,1.0,2160p (Ultra HD) 4K,60.0,50.0,8.0,6.0,774.7,8.0,256.0,7.9,185.0,Cam,0.0,1,1,1,1,5.3,1.0,Android,1.0
10.126631103850338,6.77,AMOLED,FHD+,120.0,6500.0,1.0,90.0,0,50.0,0.0,2160p (Ultra HD) 4K,30.0,32.0,8.0,4.0,774.7,12.0,256.0,7.69,194.0,Unknown,0.0,1,1,1,1,5.4,1.0,Android,1.0
10.18572834805452,6.5,Super AMOLED,FHD+,120.0,4500.0,1.0,25.0,1,12.0,1.0,2160p (Ultra HD) 4K,60.0,32.0,8.0,7.0,802.9,6.0,128.0,8.4,190.0,Polimer (Cam Görünümlü),0.0,1,1,1,1,5.0,1.0,Android,1.0
11.84939770159144,6.9,OLED,FHD+,120.0,4832.0,1.0,40.0,1,48.0,1.0,2160p (Ultra HD) 4K,60.0,18.0,6.0,3.0,2697900.0,12.0,1.0,8.75,231.0,Cam,0.0,1,1,1,1,6.0,1.0,iOS,1.0
10.499220340989032,6.83,AMOLED,FHD+,120.0,6500.0,1.0,90.0,0,50.0,1.0,2160p (Ultra HD) 4K,60.0,20.0,8.0,4.0,2024800.0,12.0,256.0,8.2,215.7,Cam,0.0,1,1,1,1,6.0,1.0,Android,1.0
9.415095894977114,6.9,IPS LCD,HD+,120.0,6000.0,1.0,33.0,0,50.0,0.0,1080p (Full HD),30.0,8.0,8.0,6.0,419.9,8.0,256.0,8.2,211.0,Plastik (Cam Görünümlü),0.0,1,1,1,1,5.4,1.0,Android,1.0
10.593749324305026,6.67,AMOLED,FHD+,144.0,5000.0,1.0,120.0,1,50.0,1.0,4320p (Ultra HD) 8K,30.0,32.0,8.0,4.0,2017000.0,12.0,256.0,8.39,209.0,Cam,0.0,1,1,1,1,5.4,1.0,Android,1.0
11.097410021008562,6.85,AMOLED,FHD+,144.0,7200.0,1.0,80.0,1,50.0,1.0,4320p (Ultra HD) 8K,30.0,16.0,8.0,3.0,2941800.0,16.0,1.0,8.6,227.0,Cam,0.0,1,1,1,1,6.0,1.0,Android,1.0
11.991117043779226,6.9,OLED,FHD+,120.0,4832.0,1.0,40.0,1,48.0,1.0,2160p (Ultra HD) 4K,60.0,18.0,6.0,3.0,2697900.0,12.0,2.0,8.75,231.0,Cam,0.0,1,1,1,1,6.0,1.0,iOS,1.0
9.266830340233932,6.67,IPS LCD,HD+,120.0,5200.0,1.0,45.0,0,50.0,0.0,Unknown,30.0,8.0,8.0,12.0,774.7,8.0,256.0,7.67,188.0,Unknown,0.0,1,1,1,1,5.4,1.0,Android,1.0
9.598998361767967,6.78,AMOLED,FHD+,120.0,5200.0,1.0,45.0,0,50.0,1.0,1440p (Quad HD) 2K,30.0,32.0,8.0,6.0,432.4,8.0,256.0,7.34,177.0,Unknown,0.0,1,1,1,1,5.4,1.0,Android,1.0
10.373491181781864,6.73,AMOLED,QHD+,120.0,4820.0,1.0,120.0,1,50.0,1.0,4320p (Ultra HD) 8K,24.0,32.0,8.0,4.0,1559800.0,12.0,256.0,8.38,229.0,Unknown,0.0,1,1,1,1,5.3,1.0,Android,1.0
9.40729435081445,6.5,PLS,HD+,60.0,5000.0,1.0,15.0,0,48.0,0.0,1080p (Full HD),30.0,13.0,8.0,8.0,774.7,4.0,64.0,8.9,192.0,Plastik (Cam Görünümlü),0.0,1,1,1,1,5.0,1.0,Android,0.0
9.126958763037132,6.9,IPS LCD,HD+,120.0,6000.0,1.0,33.0,0,50.0,0.0,1080p (Full HD),30.0,8.0,8.0,12.0,264.0,6.0,128.0,7.99,205.0,Unknown,0.0,1,1,1,1,5.4,1.0,Android,1.0
10.439980923050696,6.77,AMOLED,FHD+,120.0,6500.0,1.0,90.0,0,50.0,1.0,2160p (Ultra HD) 4K,30.0,50.0,8.0,4.0,774.7,12.0,256.0,7.75,200.0,Cam | Plastik (Cam Görünümlü),0.0,1,1,1,1,5.4,1.0,Android,1.0
8.824677891164198,6.74,IPS LCD,HD+,90.0,5500.0,1.0,15.0,0,13.0,0.0,1080p (Full HD),30.0,5.0,8.0,12.0,248.1,4.0,128.0,8.19,199.0,Plastik (Cam Görünümlü),0.0,1,1,1,1,5.4,0.0,Android,1.0
10.358250632365579,6.7,Dynamic AMOLED,FHD+,120.0,4700.0,1.0,25.0,1,50.0,1.0,4320p (Ultra HD) 8K,30.0,10.0,10.0,4.0,1788500.0,8.0,128.0,8.0,213.0,Cam,0.0,1,1,1,1,5.3,1.0,Android,1.0
9.464300187022932,6.67,Super AMOLED,FHD+,120.0,5000.0,1.0,33.0,0,50.0,0.0,2160p (Ultra HD) 4K,30.0,16.0,8.0,4.0,646.6,8.0,128.0,9.0,197.0,Plastik,0.0,1,1,1,1,5.3,0.0,Android,1.0
10.26291011830247,6.7,Super AMOLED,FHD+,120.0,5000.0,1.0,25.0,0,108.0,1.0,2160p (Ultra HD) 4K,30.0,32.0,8.0,6.0,774.7,8.0,128.0,7.6,181.0,Unknown,0.0,1,1,1,1,5.0,1.0,Android,1.0
10.268025799514616,6.83,AMOLED,FHD+,120.0,6500.0,1.0,100.0,0,50.0,1.0,2160p (Ultra HD) 4K,30.0,32.0,8.0,4.0,837.7,12.0,512.0,8.31,205.9,Unknown,0.0,1,1,1,1,5.4,1.0,Android,1.0
10.126631103850338,6.77,AMOLED,FHD+,120.0,5000.0,1.0,50.0,0,50.0,1.0,2160p (Ultra HD) 4K,30.0,32.0,8.0,4.0,770.1,12.0,256.0,8.35,201.0,Cam,0.0,1,1,1,1,5.4,1.0,Android,1.0
11.501553650287464,6.7,OLED,FHD+,120.0,4323.0,1.0,20.0,1,48.0,1.0,2160p (Ultra HD) 4K,60.0,12.0,6.0,4.0,1761400.0,6.0,256.0,7.85,240.0,Cam,0.0,1,1,1,1,5.3,1.0,iOS,1.0
9.69482304709609,6.6,Super AMOLED,FHD+,120.0,5000.0,1.0,25.0,0,48.0,1.0,2160p (Ultra HD) 4K,30.0,13.0,8.0,6.0,560.1,8.0,256.0,8.2,199.0,Plastik (Cam Görünümlü),0.0,1,1,1,1,5.3,1.0,Android,1.0
9.422362306749882,6.47,AMOLED,FHD+,60.0,5260.0,1.0,30.0,0,108.0,1.0,2160p (Ultra HD) 4K,30.0,32.0,8.0,8.0,370.7,6.0,128.0,9.67,208.0,Cam,0.0,1,1,1,1,5.0,1.0,Android,0.0
9.277999020449997,6.67,IPS LCD,HD+,90.0,6000.0,1.0,45.0,0,50.0,0.0,1080p (Full HD),30.0,5.0,8.0,11.0,774.7,8.0,256.0,7.99,193.0,Unknown,0.0,1,1,1,1,5.0,1.0,Android,1.0
9.60245002503719,6.78,AMOLED,FHD+,144.0,5000.0,1.0,68.0,0,108.0,1.0,2160p (Ultra HD) 4K,60.0,50.0,8.0,6.0,774.7,8.0,256.0,7.9,185.0,Cam,0.0,1,1,1,1,5.3,1.0,Android,1.0
9.32562963409582,6.5,PLS,HD+,60.0,5000.0,1.0,15.0,0,48.0,0.0,1080p (Full HD),30.0,8.0,8.0,12.0,152.8,4.0,64.0,8.9,205.0,Plastik,0.0,1,1,1,1,5.0,0.0,Android,0.0
10.166236358442697,6.78,AMOLED,FHD+,144.0,5000.0,1.0,70.0,0,50.0,1.0,2160p (Ultra HD) 4K,60.0,50.0,8.0,4.0,937.1,12.0,512.0,7.68,187.0,Unknown,0.0,1,1,1,1,5.3,1.0,Android,0.0
10.5320959452918,6.74,OLED,FHD+,120.0,4700.0,1.0,66.0,1,50.0,1.0,2160p (Ultra HD) 4K,60.0,13.0,8.0,4.0,1255000.0,8.0,256.0,8.5,209.0,Unknown,0.0,1,1,1,1,5.2,1.0,Android,1.0
9.209990310711888,6.67,IPS LCD,FHD+,120.0,5160.0,1.0,33.0,0,64.0,0.0,2160p (Ultra HD) 4K,30.0,20.0,8.0,8.0,403.8,6.0,128.0,9.4,215.0,Plastik (Cam Görünümlü),0.0,1,1,1,1,5.1,1.0,Android,1.0
10.304810761476958,6.7,AMOLED,FHD+,120.0,5000.0,1.0,67.0,0,50.0,1.0,2160p (Ultra HD) 4K,30.0,32.0,8.0,4.0,644.7,8.0,256.0,8.75,196.0,Unknown,0.0,1,1,1,1,5.2,1.0,Android,1.0
9.806205429729575,6.4,Super AMOLED,FHD+,90.0,5000.0,1.0,25.0,0,48.0,1.0,2160p (Ultra HD) 4K,30.0,13.0,8.0,5.0,450.5,6.0,128.0,8.1,186.0,Plastik (Cam Görünümlü),0.0,1,1,1,1,5.1,1.0,Android,1.0
10.292145542327912,6.1,IPS LCD,HD+,60.0,2942.0,1.0,15.0,1,12.0,1.0,2160p (Ultra HD) 4K,60.0,7.0,6.0,7.0,736.8,3.0,64.0,8.3,194.0,Cam,0.0,1,1,1,1,5.0,1.0,iOS,1.0
9.566545205430295,6.77,AMOLED,FHD+,120.0,6500.0,1.0,90.0,0,50.0,0.0,1080p (Full HD),30.0,32.0,8.0,6.0,774.7,8.0,256.0,7.59,194.0,Unknown,0.0,1,1,1,1,5.0,1.0,Android,1.0
8.98994927917021,6.67,IPS LCD,FHD+,60.0,5020.0,1.0,30.0,0,64.0,0.0,2160p (Ultra HD) 4K,30.0,16.0,8.0,8.0,402.6,6.0,64.0,8.8,209.0,Cam,0.0,1,1,1,1,5.0,1.0,Android,1.0
9.080815798462762,6.67,IPS LCD,FHD+,60.0,5020.0,1.0,30.0,0,64.0,0.0,2160p (Ultra HD) 4K,30.0,16.0,8.0,8.0,402.6,6.0,128.0,8.8,209.0,Cam,0.0,1,1,1,1,5.0,1.0,Android,1.0
10.338792329587958,6.67,AMOLED,QHD+,120.0,5000.0,1.0,120.0,0,50.0,1.0,4320p (Ultra HD) 8K,24.0,16.0,8.0,4.0,1538700.0,12.0,512.0,8.21,209.0,Cam,0.0,1,1,1,1,5.3,1.0,Android,1.0
10.868568448579715,6.1,OLED,FHD+,60.0,3227.0,1.0,20.0,1,12.0,1.0,2160p (Ultra HD) 4K,60.0,12.0,6.0,5.0,1550800.0,4.0,256.0,7.65,174.0,Cam,0.0,1,1,1,1,5.0,1.0,iOS,1.0
9.391035607025554,6.75,IPS LCD,HD+,120.0,6000.0,1.0,18.0,0,50.0,0.0,1440p (Quad HD) 2K,30.0,5.0,8.0,6.0,774.7,8.0,256.0,8.14,199.0,Unknown,0.0,1,1,1,1,5.4,1.0,Android,1.0
11.382816779623209,6.3,OLED,FHD+,120.0,3692.0,1.0,40.0,1,48.0,1.0,2160p (Ultra HD) 4K,60.0,18.0,6.0,3.0,2542200.0,8.0,512.0,7.95,177.0,Cam,0.0,1,1,1,1,6.0,1.0,iOS,1.0
8.95157482435255,6.51,IPS LCD,HD+,60.0,5000.0,0.0,40.0,0,48.0,0.0,1080p (Full HD),30.0,24.0,8.0,12.0,274.9,8.0,256.0,9.0,195.0,Unknown,0.0,1,1,1,1,5.0,0.0,Android,0.0
8.841020097504185,6.74,Unknown,HD+,60.0,4000.0,0.0,40.0,0,64.0,0.0,1080p (Full HD),30.0,16.0,8.0,12.0,248.3,8.0,128.0,8.09,195.0,Unknown,0.0,1,1,1,1,5.0,0.0,Android,0.0
9.769956159911606,6.78,AMOLED,FHD+,120.0,5000.0,1.0,70.0,0,50.0,1.0,1440p (Quad HD) 2K,30.0,50.0,8.0,6.0,506.7,12.0,512.0,7.83,190.0,Unknown,0.0,1,1,1,1,5.3,1.0,Android,1.0
9.602382459752207,6.5,Super AMOLED,FHD+,90.0,5000.0,1.0,25.0,0,50.0,1.0,1080p (Full HD),30.0,13.0,8.0,6.0,402.9,6.0,128.0,8.3,195.0,Plastik (Cam Görünümlü),0.0,1,1,1,1,5.3,1.0,Android,0.0
10.929977076708358,6.8,OLED,FHD+,120.0,5170.0,1.0,100.0,1,50.0,1.0,2160p (Ultra HD) 4K,60.0,13.0,8.0,7.0,1105100.0,12.0,512.0,8.3,219.0,Cam,0.0,1,1,1,1,5.2,1.0,Android,1.0
11.14692214672325,6.7,OLED,FHD+,60.0,4383.0,1.0,20.0,1,48.0,1.0,2160p (Ultra HD) 4K,60.0,12.0,6.0,4.0,1417400.0,6.0,256.0,7.8,201.0,Cam,0.0,1,1,1,1,5.3,1.0,iOS,1.0
11.356271654924852,6.8,OLED,FHD+,120.0,5170.0,1.0,100.0,1,50.0,1.0,2160p (Ultra HD) 4K,60.0,13.0,8.0,7.0,1160300.0,16.0,512.0,8.3,233.5,Cam,0.0,1,1,1,1,5.2,1.0,Android,1.0
10.205442284274628,6.78,AMOLED,FHD+,120.0,5500.0,1.0,120.0,0,50.0,1.0,2160p (Ultra HD) 4K,60.0,32.0,8.0,4.0,1489800.0,12.0,256.0,8.65,191.0,Plastik (Cam Görünümlü),0.0,1,1,1,1,5.4,1.0,Android,1.0
9.188888926125463,6.67,AMOLED,FHD+,120.0,5000.0,1.0,33.0,0,64.0,0.0,1440p (Quad HD) 2K,30.0,32.0,8.0,6.0,432.9,8.0,256.0,7.82,185.0,Unknown,0.0,1,1,1,1,5.2,1.0,Android,1.0
10.668397099322965,6.6,Dynamic AMOLED,FHD+,120.0,4700.0,1.0,45.0,1,50.0,1.0,4320p (Ultra HD) 8K,30.0,12.0,8.0,4.0,1515500.0,8.0,256.0,7.6,195.0,Cam,0.0,1,1,1,1,5.3,1.0,Android,1.0
9.123478801946748,6.47,AMOLED,FHD+,60.0,5260.0,1.0,30.0,0,64.0,0.0,2160p (Ultra HD) 4K,30.0,16.0,8.0,8.0,774.7,6.0,128.0,9.67,204.0,Cam,0.0,1,1,1,1,5.0,1.0,Android,0.0
9.491604895944155,6.43,AMOLED,FHD+,90.0,5000.0,1.0,33.0,0,108.0,0.0,1080p (Full HD),30.0,16.0,8.0,12.0,397.5,8.0,128.0,8.09,179.0,Plastik (Cam Görünümlü),0.0,1,1,1,1,5.0,0.0,Android,1.0
10.416311178964792,6.57,AMOLED,FHD+,120.0,7000.0,1.0,80.0,0,50.0,1.0,2160p (Ultra HD) 4K,30.0,50.0,8.0,4.0,774.7,12.0,256.0,8.27,202.0,Unknown,0.0,1,1,1,1,5.1,1.0,Android,1.0
10.170916278633152,6.57,AMOLED,FHD+,120.0,6000.0,1.0,45.0,0,50.0,1.0,2160p (Ultra HD) 4K,30.0,32.0,8.0,4.0,677.736,12.0,256.0,7.78,180.0,Unknown,0.0,1,1,1,1,5.1,1.0,Android,1.0
10.254502810625418,6.7,Super AMOLED,FHD+,90.0,5000.0,1.0,25.0,0,64.0,1.0,2160p (Ultra HD) 4K,30.0,32.0,8.0,8.0,774.7,8.0,128.0,8.4,203.0,Plastik (Cam Görünümlü),0.0,1,1,1,1,5.0,1.0,Android,1.0
10.868568448579715,6.1,OLED,FHD+,60.0,3227.0,1.0,20.0,1,12.0,1.0,2160p (Ultra HD) 4K,60.0,12.0,6.0,5.0,1550800.0,4.0,256.0,7.65,174.0,Cam,0.0,1,1,1,1,5.0,1.0,iOS,1.0
9.391035607025554,6.75,IPS LCD,HD+,120.0,6000.0,1.0,18.0,0,50.0,0.0,1440p (Quad HD) 2K,30.0,5.0,8.0,6.0,774.7,8.0,256.0,8.14,199.0,Unknown,0.0,1,1,1,1,5.4,1.0,Android,1.0
11.382816779623209,6.3,OLED,FHD+,120.0,3692.0,1.0,40.0,1,48.0,1.0,2160p (Ultra HD) 4K,60.0,18.0,6.0,3.0,2542200.0,8.0,512.0,7.95,177.0,Cam,0.0,1,1,1,1,6.0,1.0,iOS,1.0
8.95157482435255,6.51,IPS LCD,HD+,60.0,5000.0,0.0,40.0,0,48.0,0.0,1080p (Full HD),30.0,24.0,8.0,12.0,274.9,8.0,256.0,9.0,195.0,Unknown,0.0,1,1,1,1,5.0,0.0,Android,0.0
8.841020097504185,6.74,Unknown,HD+,60.0,4000.0,0.0,40.0,0,64.0,0.0,1080p (Full HD),30.0,16.0,8.0,12.0,248.3,8.0,128.0,8.09,195.0,Unknown,0.0,1,1,1,1,5.0,0.0,Android,0.0
9.769956159911606,6.78,AMOLED,FHD+,120.0,5000.0,1.0,70.0,0,50.0,1.0,1440p (Quad HD) 2K,30.0,50.0,8.0,6.0,506.7,12.0,512.0,7.83,190.0,Unknown,0.0,1,1,1,1,5.3,1.0,Android,1.0
9.602382459752207,6.5,Super AMOLED,FHD+,90.0,5000.0,1.0,25.0,0,50.0,1.0,1080p (Full HD),30.0,13.0,8.0,6.0,402.9,6.0,128.0,8.3,195.0,Plastik (Cam Görünümlü),0.0,1,1,1,1,5.3,1.0,Android,0.0
10.929977076708358,6.8,OLED,FHD+,120.0,5170.0,1.0,100.0,1,50.0,1.0,2160p (Ultra HD) 4K,60.0,13.0,8.0,7.0,1105100.0,12.0,512.0,8.3,219.0,Cam,0.0,1,1,1,1,5.2,1.0,Android,1.0
11.14692214672325,6.7,OLED,FHD+,60.0,4383.0,1.0,20.0,1,48.0,1.0,2160p (Ultra HD) 4K,60.0,12.0,6.0,4.0,1417400.0,6.0,256.0,7.8,201.0,Cam,0.0,1,1,1,1,5.3,1.0,iOS,1.0
10.819778284410283,6.8,AMOLED,FHD+,120.0,6500.0,1.0,80.0,0,50.0,1.0,4320p (Ultra HD) 8K,30.0,16.0,8.0,4.0,2213700.0,16.0,512.0,8.9,229.0,Cam,0.0,1,1,1,1,5.3,1.0,Android,0.0
11.356271654924852,6.8,OLED,FHD+,120.0,5170.0,1.0,100.0,1,50.0,1.0,2160p (Ultra HD) 4K,60.0,13.0,8.0,7.0,1160300.0,16.0,512.0,8.3,233.5,Cam,0.0,1,1,1,1,5.2,1.0,Android,1.0
10.205442284274628,6.78,AMOLED,FHD+,120.0,5500.0,1.0,120.0,0,50.0,1.0,2160p (Ultra HD) 4K,60.0,32.0,8.0,4.0,1489800.0,12.0,256.0,8.65,191.0,Plastik (Cam Görünümlü),0.0,1,1,1,1,5.4,1.0,Android,1.0
9.188888926125463,6.67,AMOLED,FHD+,120.0,5000.0,1.0,33.0,0,64.0,0.0,1440p (Quad HD) 2K,30.0,32.0,8.0,6.0,432.9,8.0,256.0,7.82,185.0,Unknown,0.0,1,1,1,1,5.2,1.0,Android,1.0
10.668397099322965,6.6,Dynamic AMOLED,FHD+,120.0,4700.0,1.0,45.0,1,50.0,1.0,4320p (Ultra HD) 8K,30.0,12.0,8.0,4.0,1515500.0,8.0,256.0,7.6,195.0,Cam,0.0,1,1,1,1,5.3,1.0,Android,1.0
9.123478801946748,6.47,AMOLED,FHD+,60.0,5260.0,1.0,30.0,0,64.0,0.0,2160p (Ultra HD) 4K,30.0,16.0,8.0,8.0,774.7,6.0,128.0,9.67,204.0,Cam,0.0,1,1,1,1,5.0,1.0,Android,0.0
9.491604895944155,6.43,AMOLED,FHD+,90.0,5000.0,1.0,33.0,0,108.0,0.0,1080p (Full HD),30.0,16.0,8.0,12.0,397.5,8.0,128.0,8.09,179.0,Plastik (Cam Görünümlü),0.0,1,1,1,1,5.0,0.0,Android,1.0
10.416311178964792,6.57,AMOLED,FHD+,120.0,7000.0,1.0,80.0,0,50.0,1.0,2160p (Ultra HD) 4K,30.0,50.0,8.0,4.0,774.7,12.0,256.0,8.27,202.0,Unknown,0.0,1,1,1,1,5.1,1.0,Android,1.0
10.170916278633152,6.57,AMOLED,FHD+,120.0,6000.0,1.0,45.0,0,50.0,1.0,2160p (Ultra HD) 4K,30.0,32.0,8.0,4.0,677.736,12.0,256.0,7.78,180.0,Unknown,0.0,1,1,1,1,5.1,1.0,Android,1.0
10.298902324790792,6.76,OLED,FHD+,120.0,5000.0,1.0,100.0,0,50.0,1.0,2160p (Ultra HD) 4K,30.0,60.0,8.0,7.0,653.3,12.0,512.0,7.82,209.0,Unknown,0.0,1,1,1,1,5.2,1.0,Android,0.0
10.254502810625418,6.7,Super AMOLED,FHD+,90.0,5000.0,1.0,25.0,0,64.0,1.0,2160p (Ultra HD) 4K,30.0,32.0,8.0,8.0,774.7,8.0,128.0,8.4,203.0,Plastik (Cam Görünümlü),0.0,1,1,1,1,5.0,1.0,Android,1.0
10.239959789157341,6.55,AMOLED,FHD+,120.0,6000.0,1.0,80.0,0,200.0,1.0,2160p (Ultra HD) 4K,30.0,50.0,8.0,4.0,848.1,12.0,512.0,7.3,184.0,Unknown,0.0,1,1,1,1,5.4,1.0,Android,1.0
8.626961976361729,6.6,IPS LCD,HD+,90.0,5000.0,0.0,40.0,0,50.0,0.0,1080p (Full HD),30.0,5.0,8.0,28.0,154.1,4.0,128.0,8.6,199.0,Unknown,0.0,1,1,1,1,5.2,1.0,Android,0.0
9.055093758499632,6.56,IPS LCD,HD+,120.0,5000.0,1.0,22.5,0,108.0,0.0,2160p (Ultra HD) 4K,30.0,8.0,8.0,6.0,469.1,6.0,256.0,8.6,205.5,Plastik (Cam Görünümlü),0.0,1,1,1,1,5.2,1.0,Android,0.0
10.039766916027851,6.5,Super AMOLED,FHD+,120.0,6000.0,1.0,25.0,0,50.0,1.0,2160p (Ultra HD) 4K,30.0,13.0,8.0,5.0,488.2,6.0,128.0,8.8,208.0,Plastik (Cam Görünümlü),0.0,1,1,1,1,5.3,1.0,Android,0.0
10.668955394675699,6.59,AMOLED,FHD+,120.0,6210.0,1.0,100.0,0,50.0,1.0,4320p (Ultra HD) 8K,30.0,20.0,8.0,3.0,774.7,12.0,512.0,8.0,199.0,Unknown,0.0,1,1,1,1,5.4,1.0,Android,1.0
10.97678254604033,6.9,Dynamic AMOLED,FHD+,120.0,4300.0,1.0,25.0,1,50.0,1.0,2160p (Ultra HD) 4K,60.0,10.0,10.0,3.0,1943900.0,12.0,256.0,6.5,188.0,Cam,0.0,1,1,1,1,5.4,1.0,Android,1.0
9.740968623038354,6.67,AMOLED,FHD+,120.0,5000.0,1.0,67.0,0,200.0,1.0,1080p (Full HD),60.0,16.0,8.0,6.0,438.3,12.0,512.0,7.98,188.0,Cam,0.0,1,1,1,1,5.2,1.0,Android,1.0
7.24422751560335,4.0,Super AMOLED,SD,60.0,1500.0,0.0,40.0,0,5.0,0.0,720p (HD),30.0,0.3,2.0,45.0,774.7,1.0,8.0,9.9,120.0,Unknown,0.0,0,0,1,1,4.0,0.0,Android,0.0
9.846917201047734,6.78,AMOLED,FHD+,144.0,5160.0,1.0,45.0,0,50.0,0.0,1440p (Quad HD) 2K,30.0,13.0,8.0,6.0,449.9,8.0,256.0,5.95,155.0,Plastik (Cam Görünümlü),0.0,1,1,1,1,5.4,1.0,Android,1.0
9.627345306096418,6.77,AMOLED,FHD+,120.0,6500.0,1.0,90.0,0,50.0,0.0,1080p (Full HD),60.0,32.0,8.0,6.0,438.9,12.0,256.0,7.79,197.0,Plastik (Cam Görünümlü),0.0,1,1,1,1,5.4,1.0,Android,1.0
9.104979856318357,6.8,IPS LCD,FHD+,90.0,5000.0,1.0,18.0,0,50.0,0.0,1440p (Quad HD) 2K,30.0,32.0,8.0,12.0,774.7,8.0,256.0,8.46,208.0,Cam,0.0,1,1,1,1,5.0,1.0,Android,0.0
10.799575577092764,6.1,OLED,FHD+,60.0,3279.0,1.0,20.0,1,12.0,1.0,2160p (Ultra HD) 4K,60.0,12.0,6.0,5.0,1381900.0,6.0,256.0,7.8,172.0,Cam,0.0,1,1,1,1,5.3,1.0,iOS,1.0
9.15461622320382,6.67,AMOLED,FHD+,120.0,5000.0,1.0,33.0,0,50.0,0.0,1440p (Quad HD) 2K,30.0,24.0,8.0,6.0,774.7,8.0,256.0,7.9,190.0,Unknown,0.0,1,1,1,1,5.0,1.0,Android,0.0
9.680344001221918,6.4,IPS LCD,FHD+,60.0,4200.0,1.0,40.0,0,48.0,0.0,1080p (Full HD),30.0,16.0,8.0,7.0,452.3,6.0,128.0,8.7,183.0,Plastik (Cam Görünümlü),0.0,1,1,1,1,5.0,1.0,Android,0.0
8.999920529866408,6.53,IPS LCD,FHD+,60.0,4500.0,1.0,18.0,0,64.0,0.0,2160p (Ultra HD) 4K,30.0,20.0,8.0,12.0,439.2,6.0,128.0,8.8,199.0,Cam,0.0,1,1,1,1,5.0,1.0,Android,1.0
8.77971129020447,6.74,IPS LCD,HD+,90.0,5000.0,0.0,40.0,0,32.0,0.0,1080p (Full HD),30.0,5.0,8.0,12.0,261.2,6.0,128.0,7.84,187.0,Unknown,0.0,1,1,1,1,5.0,0.0,Android,1.0
9.268775304053268,6.6,IPS LCD,FHD+,120.0,4500.0,1.0,22.5,0,50.0,0.0,1080p (Full HD),30.0,8.0,8.0,6.0,447.7,8.0,256.0,7.98,189.0,Plastik (Cam Görünümlü),0.0,1,1,1,1,5.2,1.0,Android,0.0
9.903487552536127,6.6,Super AMOLED,FHD+,120.0,5000.0,1.0,25.0,0,50.0,1.0,2160p (Ultra HD) 4K,30.0,13.0,8.0,5.0,612.1,8.0,256.0,8.2,209.0,Cam,0.0,1,1,1,1,5.3,1.0,Android,1.0
10.166236358442697,6.78,AMOLED,FHD+,144.0,5000.0,1.0,70.0,0,50.0,1.0,2160p (Ultra HD) 4K,60.0,50.0,8.0,4.0,937.1,12.0,512.0,7.68,187.0,Unknown,0.0,1,1,1,1,5.3,1.0,Android,0.0
10.5320959452918,6.74,OLED,FHD+,120.0,4700.0,1.0,66.0,1,50.0,1.0,2160p (Ultra HD) 4K,60.0,13.0,8.0,4.0,1255000.0,8.0,256.0,8.5,209.0,Unknown,0.0,1,1,1,1,5.2,1.0,Android,1.0
9.209990310711888,6.67,IPS LCD,FHD+,120.0,5160.0,1.0,33.0,0,64.0,0.0,2160p (Ultra HD) 4K,30.0,20.0,8.0,8.0,403.8,6.0,128.0,9.4,215.0,Plastik (Cam Görünümlü),0.0,1,1,1,1,5.1,1.0,Android,1.0
9.066603941777775,6.79,IPS LCD,FHD+,90.0,5000.0,1.0,18.0,0,50.0,0.0,1080p (Full HD),30.0,8.0,8.0,12.0,280.2,8.0,256.0,8.17,198.5,Cam,0.0,1,1,1,1,5.3,0.0,Android,1.0
9.553720834618575,6.78,AMOLED,FHD+,144.0,5160.0,1.0,45.0,0,50.0,0.0,1440p (Quad HD) 2K,30.0,13.0,8.0,6.0,474.9,8.0,256.0,6.08,157.0,Unknown,0.0,1,1,1,1,5.4,1.0,Android,1.0
8.743742137785201,6.74,IPS LCD,HD+,90.0,5000.0,0.0,40.0,0,32.0,0.0,1080p (Full HD),30.0,5.0,8.0,12.0,252.6,4.0,128.0,7.84,187.0,Unknown,0.0,1,1,1,1,5.0,0.0,Android,1.0
10.304810761476958,6.7,AMOLED,FHD+,120.0,5000.0,1.0,67.0,0,50.0,1.0,2160p (Ultra HD) 4K,30.0,32.0,8.0,4.0,644.7,8.0,256.0,8.75,196.0,Unknown,0.0,1,1,1,1,5.2,1.0,Android,1.0
9.806205429729575,6.4,Super AMOLED,FHD+,90.0,5000.0,1.0,25.0,0,48.0,1.0,2160p (Ultra HD) 4K,30.0,13.0,8.0,5.0,450.5,6.0,128.0,8.1,186.0,Plastik (Cam Görünümlü),0.0,1,1,1,1,5.1,1.0,Android,1.0
10.292145542327912,6.1,IPS LCD,HD+,60.0,2942.0,1.0,15.0,1,12.0,1.0,2160p (Ultra HD) 4K,60.0,7.0,6.0,7.0,736.8,3.0,64.0,8.3,194.0,Cam,0.0,1,1,1,1,5.0,1.0,iOS,1.0
9.245426588326154,6.74,IPS LCD,HD+,90.0,5500.0,1.0,15.0,0,50.0,0.0,1080p (Full HD),30.0,5.0,8.0,6.0,774.7,8.0,256.0,8.19,199.0,Unknown,0.0,1,1,1,1,5.4,0.0,Android,1.0
9.128153700988236,6.67,IPS LCD,HD+,90.0,6000.0,1.0,45.0,0,50.0,0.0,1080p (Full HD),30.0,5.0,8.0,11.0,774.7,6.0,128.0,7.99,193.0,Unknown,0.0,1,1,1,1,5.0,1.0,Android,1.0
8.98994927917021,6.67,IPS LCD,FHD+,60.0,5020.0,1.0,30.0,0,64.0,0.0,2160p (Ultra HD) 4K,30.0,16.0,8.0,8.0,402.6,6.0,64.0,8.8,209.0,Cam,0.0,1,1,1,1,5.0,1.0,Android,1.0
9.613474766079394,6.78,AMOLED,FHD+,144.0,5160.0,1.0,45.0,0,50.0,0.0,1440p (Quad HD) 2K,30.0,13.0,8.0,6.0,774.7,8.0,256.0,6.6,170.0,Unknown,0.0,1,1,1,1,5.4,1.0,Android,1.0
11.302204433654575,6.45,OLED,FHD+,120.0,5110.0,1.0,66.0,1,50.0,1.0,2160p (Ultra HD) 4K,60.0,8.0,12.0,7.0,1321200.0,12.0,512.0,9.85,239.0,Kauçuk/Plastik (Deri Görünümlü),0.0,1,1,1,1,5.2,1.0,Android,1.0
9.080815798462762,6.67,IPS LCD,FHD+,60.0,5020.0,1.0,30.0,0,64.0,0.0,2160p (Ultra HD) 4K,30.0,16.0,8.0,8.0,402.6,6.0,128.0,8.8,209.0,Cam,0.0,1,1,1,1,5.0,1.0,Android,1.0
11.736069016284437,6.9,OLED,FHD+,120.0,4685.0,1.0,30.0,1,48.0,1.0,2160p (Ultra HD) 4K,60.0,12.0,6.0,3.0,1949200.0,8.0,1.0,8.25,227.0,Cam,0.0,1,1,1,1,5.3,1.0,iOS,1.0
10.338792329587958,6.67,AMOLED,QHD+,120.0,5000.0,1.0,120.0,0,50.0,1.0,4320p (Ultra HD) 8K,24.0,16.0,8.0,4.0,1538700.0,12.0,512.0,8.21,209.0,Cam,0.0,1,1,1,1,5.3,1.0,Android,1.0
10.868568448579715,6.1,OLED,FHD+,60.0,3227.0,1.0,20.0,1,12.0,1.0,2160p (Ultra HD) 4K,60.0,12.0,6.0,5.0,1550800.0,4.0,256.0,7.65,174.0,Cam,0.0,1,1,1,1,5.0,1.0,iOS,1.0
8.95157482435255,6.51,IPS LCD,HD+,60.0,5000.0,0.0,40.0,0,48.0,0.0,1080p (Full HD),30.0,24.0,8.0,12.0,274.9,8.0,256.0,9.0,195.0,Unknown,0.0,1,1,1,1,5.0,0.0,Android,0.0
8.841020097504185,6.74,Unknown,HD+,60.0,4000.0,0.0,40.0,0,64.0,0.0,1080p (Full HD),30.0,16.0,8.0,12.0,248.3,8.0,128.0,8.09,195.0,Unknown,0.0,1,1,1,1,5.0,0.0,Android,0.0
8.999742789830492,6.6,IPS LCD,HD+,90.0,5000.0,1.0,18.0,0,50.0,0.0,1080p (Full HD),30.0,8.0,8.0,12.0,774.7,8.0,256.0,8.9,196.0,Unknown,0.0,1,1,1,1,5.0,1.0,Android,0.0
9.769956159911606,6.78,AMOLED,FHD+,120.0,5000.0,1.0,70.0,0,50.0,1.0,1440p (Quad HD) 2K,30.0,50.0,8.0,6.0,506.7,12.0,512.0,7.83,190.0,Unknown,0.0,1,1,1,1,5.3,1.0,Android,1.0
9.602382459752207,6.5,Super AMOLED,FHD+,90.0,5000.0,1.0,25.0,0,50.0,1.0,1080p (Full HD),30.0,13.0,8.0,6.0,402.9,6.0,128.0,8.3,195.0,Plastik (Cam Görünümlü),0.0,1,1,1,1,5.3,1.0,Android,0.0
9.646682506937053,6.77,AMOLED,FHD+,120.0,6500.0,1.0,90.0,0,50.0,0.0,1080p (Full HD),30.0,32.0,8.0,6.0,383.5,8.0,256.0,7.79,196.0,Plastik (Cam Görünümlü),0.0,1,1,1,1,5.0,1.0,Android,1.0
11.14692214672325,6.7,OLED,FHD+,60.0,4383.0,1.0,20.0,1,48.0,1.0,2160p (Ultra HD) 4K,60.0,12.0,6.0,4.0,1417400.0,6.0,256.0,7.8,201.0,Cam,0.0,1,1,1,1,5.3,1.0,iOS,1.0
10.819778284410283,6.8,AMOLED,FHD+,120.0,6500.0,1.0,80.0,0,50.0,1.0,4320p (Ultra HD) 8K,30.0,16.0,8.0,4.0,2213700.0,16.0,512.0,8.9,229.0,Cam,0.0,1,1,1,1,5.3,1.0,Android,0.0
10.205442284274628,6.78,AMOLED,FHD+,120.0,5500.0,1.0,120.0,0,50.0,1.0,2160p (Ultra HD) 4K,60.0,32.0,8.0,4.0,1489800.0,12.0,256.0,8.65,191.0,Plastik (Cam Görünümlü),0.0,1,1,1,1,5.4,1.0,Android,1.0
9.188888926125463,6.67,AMOLED,FHD+,120.0,5000.0,1.0,33.0,0,64.0,0.0,1440p (Quad HD) 2K,30.0,32.0,8.0,6.0,432.9,8.0,256.0,7.82,185.0,Unknown,0.0,1,1,1,1,5.2,1.0,Android,1.0
10.668397099322965,6.6,Dynamic AMOLED,FHD+,120.0,4700.0,1.0,45.0,1,50.0,1.0,4320p (Ultra HD) 8K,30.0,12.0,8.0,4.0,1515500.0,8.0,256.0,7.6,195.0,Cam,0.0,1,1,1,1,5.3,1.0,Android,1.0
9.123478801946748,6.47,AMOLED,FHD+,60.0,5260.0,1.0,30.0,0,64.0,0.0,2160p (Ultra HD) 4K,30.0,16.0,8.0,8.0,774.7,6.0,128.0,9.67,204.0,Cam,0.0,1,1,1,1,5.0,1.0,Android,0.0
9.491604895944155,6.43,AMOLED,FHD+,90.0,5000.0,1.0,33.0,0,108.0,0.0,1080p (Full HD),30.0,16.0,8.0,12.0,397.5,8.0,128.0,8.09,179.0,Plastik (Cam Görünümlü),0.0,1,1,1,1,5.0,0.0,Android,1.0
9.78481605981863,6.78,AMOLED,FHD+,120.0,5200.0,1.0,45.0,0,50.0,1.0,1440p (Quad HD) 2K,30.0,32.0,8.0,6.0,444.3,12.0,256.0,7.34,177.0,Unknown,0.0,1,1,1,1,5.4,1.0,Android,1.0
9.64049093817758,6.67,AMOLED,FHD+,120.0,5800.0,1.0,45.0,0,50.0,0.0,1080p (Full HD),60.0,32.0,8.0,6.0,426.4,8.0,256.0,7.76,192.0,Plastik (Cam Görünümlü),0.0,1,1,1,1,5.3,1.0,Android,1.0
10.298902324790792,6.76,OLED,FHD+,120.0,5000.0,1.0,100.0,0,50.0,1.0,2160p (Ultra HD) 4K,30.0,60.0,8.0,7.0,653.3,12.0,512.0,7.82,209.0,Unknown,0.0,1,1,1,1,5.2,1.0,Android,0.0
8.983193819332154,6.78,IPS LCD,FHD+,90.0,5000.0,1.0,18.0,0,64.0,0.0,1440p (Quad HD) 2K,30.0,13.0,8.0,12.0,283.3,8.0,128.0,7.7,188.0,Plastik (Cam Görünümlü),0.0,1,1,1,1,5.3,1.0,Android,1.0
10.254502810625418,6.7,Super AMOLED,FHD+,90.0,5000.0,1.0,25.0,0,64.0,1.0,2160p (Ultra HD) 4K,30.0,32.0,8.0,8.0,774.7,8.0,128.0,8.4,203.0,Plastik (Cam Görünümlü),0.0,1,1,1,1,5.0,1.0,Android,1.0
8.626961976361729,6.6,IPS LCD,HD+,90.0,5000.0,0.0,40.0,0,50.0,0.0,1080p (Full HD),30.0,5.0,8.0,28.0,154.1,4.0,128.0,8.6,199.0,Unknown,0.0,1,1,1,1,5.2,1.0,Android,0.0
9.055093758499632,6.56,IPS LCD,HD+,120.0,5000.0,1.0,22.5,0,108.0,0.0,2160p (Ultra HD) 4K,30.0,8.0,8.0,6.0,469.1,6.0,256.0,8.6,205.5,Plastik (Cam Görünümlü),0.0,1,1,1,1,5.2,1.0,Android,0.0
10.039766916027851,6.5,Super AMOLED,FHD+,120.0,6000.0,1.0,25.0,0,50.0,1.0,2160p (Ultra HD) 4K,30.0,13.0,8.0,5.0,488.2,6.0,128.0,8.8,208.0,Plastik (Cam Görünümlü),0.0,1,1,1,1,5.3,1.0,Android,0.0
9.035986984831405,6.78,IPS LCD,FHD+,120.0,5000.0,1.0,33.0,0,64.0,0.0,Unknown,30.0,8.0,8.0,6.0,774.7,8.0,128.0,8.75,205.0,Unknown,0.0,1,1,1,1,5.0,1.0,Android,0.0
9.047821442478408,6.7,IPS LCD,HD+,120.0,5000.0,1.0,18.0,0,48.0,0.0,1440p (Quad HD) 2K,30.0,8.0,8.0,12.0,774.7,8.0,256.0,8.1,185.6,Plastik (Cam Görünümlü),0.0,1,1,1,1,5.3,0.0,Android,1.0
9.740968623038354,6.67,AMOLED,FHD+,120.0,5000.0,1.0,67.0,0,200.0,1.0,1080p (Full HD),60.0,16.0,8.0,6.0,438.3,12.0,512.0,7.98,188.0,Cam,0.0,1,1,1,1,5.2,1.0,Android,1.0
8.971415447275781,6.74,IPS LCD,HD+,90.0,5000.0,1.0,15.0,0,50.0,0.0,1080p (Full HD),30.0,5.0,8.0,12.0,263.6,8.0,256.0,7.84,188.0,Plastik (Cam Görünümlü),0.0,1,1,1,1,5.0,0.0,Android,1.0
9.210440366976517,6.79,IPS LCD,FHD+,90.0,5000.0,1.0,18.0,0,50.0,0.0,1080p (Full HD),30.0,8.0,8.0,12.0,278.5,4.0,128.0,8.17,198.5,Cam,0.0,1,1,1,1,5.3,0.0,Android,1.0
10.308952660644293,6.5,Super AMOLED,FHD+,60.0,6000.0,1.0,25.0,0,64.0,0.0,2160p (Ultra HD) 4K,30.0,32.0,8.0,10.0,774.7,6.0,128.0,9.3,203.0,Polikarbonat,0.0,1,1,1,1,5.0,1.0,Android,0.0
11.104957978523363,6.1,OLED,FHD+,60.0,3349.0,1.0,20.0,1,48.0,1.0,2160p (Ultra HD) 4K,60.0,12.0,6.0,4.0,1753700.0,6.0,512.0,7.8,171.0,Cam,0.0,1,1,1,1,5.3,1.0,iOS,1.0
9.683152553543957,6.5,Super AMOLED,FHD+,120.0,4500.0,1.0,25.0,1,12.0,1.0,2160p (Ultra HD) 4K,60.0,32.0,8.0,7.0,743.1,6.0,128.0,8.4,190.0,Polimer (Cam Görünümlü),0.0,1,1,1,1,5.0,1.0,Android,1.0
9.029297996680608,6.78,IPS LCD,FHD+,120.0,5000.0,1.0,33.0,0,50.0,0.0,1080p (Full HD),30.0,32.0,8.0,12.0,774.7,6.0,128.0,8.35,200.0,Unknown,0.0,1,1,1,1,5.0,1.0,Android,0.0
9.045147281860693,6.67,IPS LCD,HD+,120.0,5000.0,1.0,18.0,0,48.0,0.0,1440p (Quad HD) 2K,30.0,8.0,8.0,12.0,268.8,8.0,256.0,7.8,192.0,Plastik (Cam Görünümlü),0.0,1,1,1,1,5.3,1.0,Android,1.0
9.375091807576673,6.5,Super AMOLED,FHD+,90.0,5000.0,1.0,25.0,0,50.0,0.0,1080p (Full HD),30.0,13.0,8.0,6.0,390.7,4.0,128.0,8.4,200.0,Plastik (Cam Görünümlü),0.0,1,1,1,1,5.3,1.0,Android,0.0
10.996894651009443,6.2,Super AMOLED,HD+,120.0,4400.0,1.0,25.0,1,50.0,1.0,4320p (Ultra HD) 8K,30.0,10.0,8.0,4.0,1513900.0,12.0,256.0,13.4,253.0,Cam,0.0,1,1,1,1,5.3,1.0,Android,1.0
10.070538521809826,6.4,Super AMOLED,FHD+,120.0,5000.0,1.0,25.0,0,50.0,1.0,2160p (Ultra HD) 4K,30.0,32.0,8.0,5.0,623.5,8.0,256.0,8.2,202.0,Cam,0.0,1,1,1,1,5.3,1.0,Android,1.0
11.359191714882353,6.5,OLED,FHD+,120.0,3149.0,1.0,20.0,1,48.0,1.0,2160p (Ultra HD) 4K,60.0,18.0,6.0,3.0,2123800.0,12.0,512.0,5.64,165.0,Cam,0.0,1,1,1,1,6.0,1.0,iOS,1.0
9.726637002454627,6.67,AMOLED,FHD+,120.0,5110.0,1.0,45.0,0,50.0,1.0,1080p (Full HD),30.0,20.0,8.0,6.0,475.5,12.0,256.0,7.99,190.0,Unknown,0.0,1,1,1,1,5.3,1.0,Android,1.0
9.346517636193289,6.67,AMOLED,FHD+,120.0,5000.0,1.0,33.0,0,50.0,0.0,1080p (Full HD),30.0,13.0,8.0,6.0,348.5,6.0,128.0,7.85,183.5,Unknown,0.0,1,1,1,1,5.0,0.0,Android,1.0
8.936795233848184,6.53,IPS LCD,FHD+,60.0,6000.0,1.0,18.0,0,48.0,0.0,1080p (Full HD),30.0,8.0,8.0,11.0,253.6,4.0,128.0,9.6,198.0,Plastik,0.0,1,1,1,1,5.0,0.0,Android,1.0
9.998797732340453,6.77,AMOLED,FHD+,120.0,5000.0,1.0,33.0,0,50.0,0.0,2160p (Ultra HD) 4K,30.0,16.0,8.0,4.0,691.7,8.0,128.0,8.3,199.0,Cam,0.0,1,1,1,1,5.4,1.0,Android,1.0
11.061467359471514,6.9,Dynamic AMOLED,FHD+,120.0,4300.0,1.0,25.0,1,50.0,1.0,2160p (Ultra HD) 4K,60.0,10.0,10.0,3.0,1943900.0,12.0,512.0,6.5,188.0,Cam,0.0,1,1,1,1,5.4,1.0,Android,1.0
10.039189961797659,6.7,AMOLED,FHD+,120.0,5200.0,1.0,100.0,0,50.0,1.0,2160p (Ultra HD) 4K,30.0,50.0,8.0,4.0,792.7,8.0,256.0,7.7,187.0,Plastik (Cam Görünümlü),0.0,1,1,1,1,5.3,1.0,Android,0.0
8.87213663717682,6.67,IPS LCD,HD+,120.0,5000.0,1.0,15.0,0,8.0,0.0,1440p (Quad HD) 2K,30.0,8.0,8.0,12.0,270.8,4.0,128.0,8.25,187.0,Unknown,0.0,1,1,1,1,5.3,1.0,Android,1.0
11.44571671527678,6.3,OLED,FHD+,120.0,3582.0,1.0,25.0,1,48.0,1.0,2160p (Ultra HD) 4K,60.0,12.0,6.0,3.0,1853700.0,8.0,512.0,8.25,199.0,Cam,0.0,1,1,1,1,5.3,1.0,iOS,1.0
8.816186055013885,6.67,IPS LCD,HD+,120.0,5000.0,1.0,15.0,0,13.0,0.0,1080p (Full HD),30.0,8.0,8.0,12.0,254.9,4.0,128.0,8.35,189.0,Plastik (Cam Görünümlü),0.0,1,1,1,1,5.0,0.0,Android,1.0
11.695247021764184,6.7,OLED,FHD+,120.0,4441.0,1.0,20.0,1,48.0,1.0,2160p (Ultra HD) 4K,60.0,12.0,6.0,3.0,1740400.0,8.0,512.0,8.25,221.0,Cam,0.0,1,1,1,1,5.3,1.0,iOS,1.0
10.157482274507444,6.7,AMOLED,FHD+,120.0,5000.0,1.0,66.0,0,200.0,0.0,2160p (Ultra HD) 4K,30.0,50.0,8.0,4.0,701.9,12.0,512.0,7.8,183.0,Unknown,0.0,1,1,1,1,5.2,1.0,Android,0.0
8.6400301013753,6.52,IPS LCD,HD+,60.0,5000.0,1.0,15.0,0,50.0,0.0,1080p (Full HD),30.0,8.0,8.0,12.0,774.7,4.0,128.0,8.9,190.0,Plastik (Cam Görünümlü),0.0,1,1,1,1,5.0,1.0,Android,0.0
10.499220340989032,6.83,AMOLED,FHD+,120.0,6500.0,1.0,90.0,0,50.0,1.0,2160p (Ultra HD) 4K,60.0,20.0,8.0,4.0,2024800.0,12.0,256.0,8.2,215.7,Cam,0.0,1,1,1,1,6.0,1.0,Android,1.0
10.789299695294453,6.8,AMOLED,FHD+,120.0,6000.0,1.0,80.0,0,50.0,1.0,4320p (Ultra HD) 8K,30.0,16.0,8.0,4.0,2088900.0,16.0,512.0,7.85,205.0,Unknown,0.0,1,1,1,1,5.4,1.0,Android,1.0
8.909235279192261,6.67,IPS LCD,HD+,120.0,5000.0,1.0,15.0,0,13.0,0.0,1080p (Full HD),30.0,8.0,8.0,12.0,774.7,4.0,128.0,8.25,195.0,Plastik (Cam Görünümlü),0.0,1,1,1,1,5.3,0.0,Android,1.0
11.26446410567173,6.1,OLED,FHD+,60.0,3561.0,1.0,25.0,1,48.0,1.0,2160p (Ultra HD) 4K,60.0,12.0,6.0,3.0,1517700.0,8.0,512.0,7.8,170.0,Cam,0.0,1,1,1,1,5.3,1.0,iOS,1.0
11.652687407345388,6.7,OLED,FHD+,120.0,4323.0,1.0,20.0,1,48.0,1.0,2160p (Ultra HD) 4K,60.0,12.0,6.0,4.0,1761400.0,6.0,1.0,7.85,240.0,Cam,0.0,1,1,1,1,5.3,1.0,iOS,1.0
8.84825366798702,6.7,IPS LCD,HD+,60.0,5000.0,0.0,40.0,0,48.0,0.0,1080p (Full HD),30.0,16.0,8.0,12.0,264.5,6.0,256.0,8.7,207.0,Unknown,0.0,1,1,1,1,5.0,0.0,Android,0.0
8.724207360800564,6.56,IPS LCD,HD+,90.0,5000.0,0.0,40.0,0,13.0,0.0,Unknown,30.0,8.0,8.0,28.0,774.7,4.0,128.0,8.7,195.0,Unknown,0.0,1,1,1,1,5.3,1.0,Android,0.0
8.902962946474135,6.67,IPS LCD,HD+,120.0,5000.0,1.0,18.0,0,48.0,0.0,1440p (Quad HD) 2K,30.0,8.0,8.0,12.0,249.2,4.0,128.0,7.8,192.0,Plastik (Cam Görünümlü),0.0,1,1,1,1,5.3,1.0,Android,1.0
8.94105470980255,6.56,IPS LCD,HD+,90.0,5000.0,1.0,18.0,0,50.0,0.0,1080p (Full HD),30.0,32.0,8.0,12.0,260.7,8.0,256.0,8.3,190.0,Unknown,0.0,1,1,1,1,5.0,1.0,Android,0.0
9.455325255328814,6.67,AMOLED,FHD+,120.0,4500.0,1.0,67.0,0,64.0,1.0,2160p (Ultra HD) 4K,60.0,20.0,8.0,7.0,840.9,6.0,128.0,7.7,195.0,Cam,0.0,1,1,1,1,5.2,1.0,Android,0.0
9.358846580275406,6.6,PLS,FHD+,90.0,5000.0,1.0,25.0,0,50.0,1.0,1080p (Full HD),30.0,8.0,8.0,6.0,774.7,4.0,128.0,8.4,195.0,Plastik,0.0,1,1,1,1,5.0,1.0,Android,0.0
9.40729435081445,6.5,PLS,HD+,60.0,5000.0,1.0,15.0,0,48.0,0.0,1080p (Full HD),30.0,13.0,8.0,8.0,774.7,4.0,64.0,8.9,192.0,Plastik (Cam Görünümlü),0.0,1,1,1,1,5.0,1.0,Android,0.0
8.949685745244903,6.71,IPS LCD,HD+,60.0,5000.0,0.0,40.0,0,50.0,0.0,1080p (Full HD),30.0,5.0,8.0,12.0,273.4,4.0,128.0,8.77,192.0,Plastik,0.0,1,1,1,1,5.1,0.0,Android,0.0
11.538602958260002,6.1,OLED,FHD+,120.0,3200.0,1.0,20.0,1,48.0,1.0,2160p (Ultra HD) 4K,60.0,12.0,6.0,4.0,1432800.0,6.0,1.0,7.85,206.0,Cam,0.0,1,1,1,1,5.3,1.0,iOS,1.0
10.231898815201978,6.73,AMOLED,QHD+,120.0,4600.0,1.0,120.0,1,50.0,1.0,4320p (Ultra HD) 8K,24.0,32.0,8.0,4.0,1119400.0,12.0,256.0,8.16,205.0,Cam,0.0,1,1,1,1,5.2,1.0,Android,0.0
8.86014439413516,6.74,IPS LCD,HD+,90.0,5000.0,1.0,15.0,0,50.0,0.0,1080p (Full HD),30.0,5.0,8.0,12.0,259.8,6.0,128.0,7.84,188.0,Plastik (Cam Görünümlü),0.0,1,1,1,1,5.0,0.0,Android,1.0
9.206131527202128,6.7,AMOLED,FHD+,120.0,5000.0,1.0,33.0,0,64.0,0.0,Unknown,30.0,16.0,8.0,6.0,413.0,8.0,256.0,7.96,195.0,Unknown,0.0,1,1,1,1,5.3,1.0,Android,0.0
9.878169744551839,6.82,IPS LCD,HD+,90.0,7000.0,1.0,18.0,0,16.0,0.0,1440p (Quad HD) 2K,30.0,8.0,8.0,12.0,774.7,6.0,128.0,9.63,230.0,Plastik (Cam Görünümlü),0.0,1,1,1,1,5.0,1.0,Android,0.0
9.1495016647451,6.67,IPS LCD,HD+,90.0,5100.0,1.0,45.0,0,50.0,0.0,1080p (Full HD),30.0,5.0,8.0,11.0,249.6,6.0,128.0,7.68,186.0,Unknown,0.0,1,1,1,1,5.0,1.0,Android,1.0
9.20029003612268,6.68,IPS LCD,HD+,90.0,6000.0,1.0,44.0,0,50.0,0.0,1080p (Full HD),30.0,8.0,8.0,12.0,278.2,8.0,256.0,8.09,199.0,Unknown,0.0,1,1,1,1,5.0,1.0,Android,1.0
10.547236221420816,6.7,Dynamic AMOLED,FHD+,120.0,3700.0,1.0,25.0,1,12.0,1.0,2160p (Ultra HD) 4K,60.0,10.0,8.0,4.0,1507300.0,8.0,256.0,6.9,187.0,Cam,0.0,1,1,1,1,5.3,1.0,Android,1.0
9.047821442478408,6.72,IPS LCD,FHD+,90.0,5000.0,1.0,33.0,0,64.0,0.0,1080p (Full HD),60.0,8.0,8.0,12.0,774.7,6.0,128.0,7.89,189.5,Plastik (Cam Görünümlü),0.0,1,1,1,1,5.2,1.0,Android,0.0
9.426812116200054,6.67,AMOLED,FHD+,120.0,5000.0,1.0,67.0,0,50.0,1.0,2160p (Ultra HD) 4K,30.0,16.0,8.0,6.0,585.1,8.0,128.0,7.9,187.0,Cam,0.0,1,1,1,1,5.2,1.0,Android,1.0
9.422362306749882,6.47,AMOLED,FHD+,60.0,5260.0,1.0,30.0,0,108.0,1.0,2160p (Ultra HD) 4K,30.0,32.0,8.0,8.0,370.7,6.0,128.0,9.67,208.0,Cam,0.0,1,1,1,1,5.0,1.0,Android,0.0
9.336091577281744,6.78,IPS LCD,FHD+,120.0,5000.0,1.0,33.0,0,64.0,0.0,Unknown,30.0,32.0,8.0,6.0,774.7,8.0,256.0,8.75,208.0,Unknown,0.0,1,1,1,1,5.0,1.0,Android,0.0
9.134759777584858,6.78,IPS LCD,FHD+,120.0,5000.0,1.0,18.0,0,50.0,0.0,1440p (Quad HD) 2K,30.0,8.0,8.0,6.0,437.6,8.0,256.0,7.7,187.0,Plastik (Cam Görünümlü),0.0,1,1,1,1,5.0,1.0,Android,1.0
10.756538972268421,6.8,OLED,FHD+,120.0,5050.0,1.0,100.0,1,50.0,1.0,2160p (Ultra HD) 4K,60.0,13.0,8.0,7.0,929.2,12.0,512.0,8.4,220.0,Cam,0.0,1,1,1,1,5.2,1.0,Android,1.0
11.231281791304093,6.8,OLED,FHD+,120.0,5600.0,1.0,80.0,1,50.0,1.0,2160p (Ultra HD) 4K,60.0,50.0,8.0,4.0,2051100.0,12.0,512.0,8.9,229.0,Cam | Kauçuk/Plastik (Deri Görünümlü),0.0,1,1,1,1,5.3,1.0,Android,1.0
8.435557882893606,6.51,IPS LCD,HD+,60.0,4000.0,0.0,40.0,0,13.0,0.0,Unknown,30.0,8.0,8.0,28.0,774.7,4.0,128.0,9.45,180.0,Unknown,0.0,1,1,1,1,5.3,0.0,Android,0.0
11.502875129116727,6.7,OLED,FHD+,120.0,4352.0,1.0,20.0,1,12.0,1.0,2160p (Ultra HD) 4K,60.0,12.0,6.0,5.0,1438500.0,6.0,512.0,7.65,240.0,Cam,0.0,1,1,1,1,5.0,1.0,iOS,1.0
9.32562963409582,6.5,PLS,HD+,60.0,5000.0,1.0,15.0,0,48.0,0.0,1080p (Full HD),30.0,8.0,8.0,12.0,152.8,4.0,64.0,8.9,205.0,Plastik,0.0,1,1,1,1,5.0,0.0,Android,0.0
9.519966160310158,6.78,AMOLED,FHD+,120.0,5000.0,1.0,33.0,0,50.0,0.0,1440p (Quad HD) 2K,30.0,13.0,8.0,6.0,446.1,8.0,256.0,6.8,162.0,Plastik (Cam Görünümlü),0.0,1,1,1,1,5.0,1.0,Android,1.0
9.101644299528855,6.7,PLS,HD+,60.0,5000.0,1.0,25.0,0,50.0,0.0,1080p (Full HD),60.0,8.0,8.0,12.0,247.7,4.0,128.0,8.0,189.0,Plastik,0.0,1,1,1,1,5.3,0.0,Android,0.0
9.433483923290392,6.78,IPS LCD,FHD+,120.0,5000.0,1.0,33.0,0,108.0,0.0,1440p (Quad HD) 2K,30.0,32.0,8.0,6.0,439.3,8.0,256.0,8.4,206.0,Unknown,0.0,1,1,1,1,5.2,1.0,Android,1.0
9.852246888342531,6.7,AMOLED,FHD+,120.0,5000.0,1.0,100.0,0,200.0,1.0,2160p (Ultra HD) 4K,30.0,32.0,8.0,6.0,560.4,12.0,512.0,8.7,189.0,Unknown,0.0,1,1,1,1,5.2,1.0,Android,0.0
8.83837773592202,6.53,IPS LCD,HD+,90.0,5000.0,0.0,40.0,0,50.0,0.0,Unknown,30.0,13.0,8.0,12.0,774.7,6.0,128.0,8.09,195.0,Unknown,0.0,1,1,1,1,5.0,0.0,Android,0.0
9.61857364517762,6.4,Super AMOLED,FHD+,60.0,4000.0,1.0,15.0,0,25.0,0.0,1080p (Full HD),30.0,25.0,8.0,10.0,274.9,6.0,64.0,7.7,166.0,Plastik (Cam Görünümlü),0.0,1,1,1,1,5.0,0.0,Android,0.0
8.81478351462791,6.56,IPS LCD,HD+,90.0,5000.0,1.0,18.0,0,50.0,0.0,1080p (Full HD),30.0,8.0,8.0,12.0,154.3,6.0,128.0,9.0,203.0,Plastik (Cam Görünümlü),0.0,1,1,1,1,5.0,0.0,Android,1.0
9.14711725198573,6.78,IPS LCD,FHD+,120.0,5000.0,1.0,45.0,0,64.0,0.0,1440p (Quad HD) 2K,30.0,16.0,8.0,6.0,438.0,8.0,256.0,8.58,219.0,Unknown,0.0,1,1,1,1,5.3,1.0,Android,1.0
11.407564949312402,6.1,OLED,FHD+,120.0,3095.0,1.0,20.0,1,12.0,1.0,2160p (Ultra HD) 4K,60.0,12.0,6.0,5.0,1484600.0,6.0,256.0,7.65,204.0,Cam,0.0,1,1,1,1,5.0,1.0,iOS,1.0
8.839769322845338,6.53,IPS LCD,HD+,60.0,5000.0,0.0,40.0,0,13.0,0.0,1080p (Full HD),30.0,5.0,8.0,12.0,141.9,3.0,64.0,9.0,196.0,Plastik,0.0,1,1,1,1,5.0,0.0,Android,1.0
8.962009773358902,6.74,IPS LCD,HD+,90.0,5500.0,1.0,15.0,0,13.0,0.0,1080p (Full HD),30.0,5.0,8.0,12.0,774.7,6.0,256.0,8.19,199.0,Plastik (Cam Görünümlü),0.0,1,1,1,1,5.4,0.0,Android,1.0
9.104979856318357,6.7,IPS LCD,HD+,90.0,5000.0,1.0,22.5,0,108.0,0.0,1080p (Full HD),30.0,16.0,8.0,12.0,774.7,8.0,256.0,8.2,195.0,Unknown,0.0,1,1,1,1,5.3,0.0,Android,0.0
9.471043257117008,6.67,OLED,FHD+,120.0,5000.0,1.0,45.0,0,50.0,0.0,1080p (Full HD),30.0,32.0,8.0,6.0,374.0,8.0,256.0,7.76,187.0,Plastik (Cam Görünümlü),0.0,1,1,1,1,5.0,1.0,Android,1.0
10.000432758592607,6.7,OLED,FHD+,120.0,5000.0,1.0,100.0,0,50.0,0.0,2160p (Ultra HD) 4K,30.0,60.0,8.0,7.0,595.8,12.0,256.0,6.98,195.0,Unknown,0.0,1,1,1,1,5.2,1.0,Android,0.0
10.322230781590136,6.95,IPS LCD,FHD+,144.0,5000.0,1.0,33.0,0,100.0,0.0,2160p (Ultra HD) 4K,30.0,32.0,8.0,4.0,1019600.0,12.0,256.0,8.0,230.0,Metal,0.0,1,1,1,1,5.2,1.0,Android,0.0
9.210340371976184,6.78,IPS LCD,FHD+,120.0,5000.0,1.0,33.0,0,50.0,0.0,1080p (Full HD),30.0,32.0,8.0,12.0,774.7,6.0,256.0,8.35,200.0,Unknown,0.0,1,1,1,1,5.0,1.0,Android,0.0
11.611172691064748,6.7,OLED,FHD+,120.0,4441.0,1.0,20.0,1,48.0,1.0,2160p (Ultra HD) 4K,60.0,12.0,6.0,3.0,1740400.0,8.0,1.0,8.25,221.0,Cam,0.0,1,1,1,1,5.3,1.0,iOS,1.0
10.494075844768336,6.1,OLED,FHD+,60.0,2815.0,1.0,20.0,1,12.0,1.0,2160p (Ultra HD) 4K,60.0,12.0,6.0,5.0,1250400.0,4.0,256.0,7.4,164.0,Cam,0.0,1,1,1,1,5.0,1.0,iOS,1.0
8.873466654772425,6.53,IPS LCD,FHD+,60.0,5020.0,1.0,18.0,0,13.0,0.0,1080p (Full HD),30.0,8.0,8.0,12.0,280.7,4.0,64.0,9.1,198.0,Plastik,0.0,1,1,1,1,5.0,0.0,Android,0.0
10.41887764325511,6.7,AMOLED,FHD+,120.0,5000.0,1.0,67.0,0,50.0,1.0,2160p (Ultra HD) 4K,30.0,32.0,8.0,4.0,696.6,12.0,512.0,8.75,196.0,Unknown,0.0,1,1,1,1,5.2,1.0,Android,1.0
11.218554404367652,6.7,OLED,FHD+,60.0,4383.0,1.0,20.0,1,48.0,1.0,2160p (Ultra HD) 4K,60.0,12.0,6.0,4.0,1417400.0,6.0,512.0,7.8,201.0,Cam,0.0,1,1,1,1,5.3,1.0,iOS,1.0
9.480205664031953,6.67,IPS LCD,HD+,90.0,5800.0,1.0,45.0,0,50.0,0.0,1080p (Full HD),30.0,8.0,8.0,11.0,774.7,8.0,256.0,7.86,195.0,Unknown,0.0,1,1,1,1,5.0,1.0,Android,1.0
10.805129310200986,6.86,AMOLED,FHD+,120.0,4780.0,1.0,67.0,0,50.0,1.0,4320p (Ultra HD) 8K,24.0,32.0,8.0,4.0,1960500.0,12.0,512.0,7.8,190.0,Unknown,0.0,1,1,1,1,5.4,1.0,Android,0.0
10.088492173359143,6.67,AMOLED,FHD+,120.0,5000.0,1.0,120.0,0,200.0,1.0,4320p (Ultra HD) 8K,24.0,20.0,8.0,4.0,1345300.0,12.0,256.0,8.6,205.0,Cam,0.0,1,1,1,1,5.2,1.0,Android,1.0
11.547819523947549,6.7,OLED,FHD+,120.0,4323.0,1.0,20.0,1,48.0,1.0,2160p (Ultra HD) 4K,60.0,12.0,6.0,4.0,1761400.0,6.0,512.0,7.85,240.0,Cam,0.0,1,1,1,1,5.3,1.0,iOS,1.0
9.903487552536127,6.67,IPS LCD,FHD+,144.0,5000.0,1.0,33.0,0,108.0,1.0,4320p (Ultra HD) 8K,30.0,20.0,8.0,7.0,861.0,8.0,128.0,9.33,218.0,Cam,0.0,1,1,1,1,5.1,1.0,Android,0.0
9.159047077588632,6.7,IPS LCD,HD+,120.0,5160.0,1.0,45.0,0,50.0,0.0,1440p (Quad HD) 2K,30.0,8.0,8.0,12.0,274.6,6.0,128.0,7.7,188.0,Plastik (Cam Görünümlü),0.0,1,1,1,1,5.3,1.0,Android,1.0
9.923290179832307,6.7,AMOLED,FHD+,120.0,5000.0,1.0,67.0,0,64.0,0.0,2160p (Ultra HD) 4K,30.0,32.0,8.0,6.0,595.6,8.0,256.0,7.54,177.0,Plastik (Cam Görünümlü),0.0,1,1,1,1,5.2,1.0,Android,1.0
9.648659816955295,6.43,AMOLED,FHD+,60.0,5000.0,1.0,33.0,0,48.0,0.0,1080p (Full HD),30.0,16.0,8.0,11.0,774.7,4.0,128.0,7.95,175.0,Plastik (Cam Görünümlü),0.0,1,1,1,1,5.0,1.0,Android,0.0
9.262379538132215,6.47,AMOLED,FHD+,60.0,5260.0,1.0,30.0,0,64.0,0.0,2160p (Ultra HD) 4K,30.0,16.0,8.0,8.0,774.7,6.0,64.0,9.67,204.0,Cam,0.0,1,1,1,1,5.0,1.0,Android,0.0
9.070100815561595,6.4,PLS,HD+,60.0,4000.0,1.0,15.0,0,13.0,0.0,1080p (Full HD),30.0,8.0,8.0,14.0,774.7,2.0,32.0,8.0,177.0,Plastik,0.0,1,1,1,1,4.2,0.0,Android,0.0
11.407564949312402,6.5,OLED,FHD+,120.0,3149.0,1.0,20.0,1,48.0,1.0,2160p (Ultra HD) 4K,60.0,18.0,6.0,3.0,2123800.0,12.0,1.0,5.64,165.0,Cam,0.0,1,1,1,1,6.0,1.0,iOS,1.0
9.04924865881459,6.7,IPS LCD,HD+,120.0,5000.0,1.0,18.0,0,48.0,0.0,1440p (Quad HD) 2K,30.0,8.0,8.0,12.0,261.6,6.0,128.0,8.1,185.6,Plastik (Cam Görünümlü),0.0,1,1,1,1,5.3,0.0,Android,1.0
9.798127036878302,6.67,AMOLED,FHD+,120.0,5020.0,1.0,33.0,0,108.0,0.0,2160p (Ultra HD) 4K,30.0,16.0,8.0,8.0,417.8,8.0,256.0,8.1,193.0,Cam,0.0,1,1,1,1,5.1,1.0,Android,1.0
9.574986263338012,6.5,IPS LCD,FHD+,90.0,5000.0,1.0,18.0,0,50.0,0.0,1080p (Full HD),30.0,8.0,8.0,12.0,255.3,4.0,128.0,8.92,181.0,Plastik (Cam Görünümlü),0.0,1,1,1,1,5.1,0.0,Android,0.0
9.433563920090563,6.3,IPS LCD,HD+,60.0,5000.0,0.0,40.0,0,13.0,0.0,1080p (Full HD),30.0,8.0,8.0,12.0,774.7,3.0,64.0,9.04,185.0,Unknown,0.0,1,1,1,1,5.0,1.0,Android,0.0
9.525151111816216,6.67,AMOLED,FHD+,120.0,5000.0,1.0,67.0,0,50.0,1.0,1080p (Full HD),30.0,16.0,8.0,6.0,367.5,8.0,512.0,7.92,187.0,Unknown,0.0,1,1,1,1,5.0,1.0,Android,1.0
11.355101379776661,6.7,OLED,FHD+,60.0,4674.0,1.0,30.0,1,48.0,1.0,2160p (Ultra HD) 4K,60.0,12.0,6.0,3.0,1572700.0,8.0,512.0,7.8,199.0,Cam,0.0,1,1,1,1,5.3,1.0,iOS,1.0
9.80615252410878,6.5,Super AMOLED,FHD+,120.0,5000.0,1.0,25.0,0,50.0,1.0,2160p (Ultra HD) 4K,30.0,13.0,8.0,5.0,485.5,8.0,256.0,8.3,197.0,Plastik (Cam Görünümlü),0.0,1,1,1,1,5.3,1.0,Android,0.0
9.358760377094455,6.6,PLS,FHD+,60.0,5000.0,1.0,15.0,0,50.0,0.0,1080p (Full HD),30.0,8.0,8.0,8.0,774.7,4.0,64.0,8.8,195.0,Plastik,0.0,1,1,1,1,5.0,0.0,Android,0.0
10.085800775962026,6.67,AMOLED,FHD+,120.0,5110.0,1.0,45.0,0,50.0,1.0,2160p (Ultra HD) 4K,30.0,20.0,8.0,4.0,646.6,8.0,256.0,8.4,190.0,Kauçuk/Plastik (Deri Görünümlü) | Plastik (Cam Görünümlü),0.0,1,1,1,1,5.4,1.0,Android,1.0
9.90353755128617,6.67,AMOLED,FHD+,120.0,5100.0,1.0,67.0,0,64.0,1.0,2160p (Ultra HD) 4K,30.0,16.0,8.0,4.0,605.8,12.0,512.0,7.98,181.0,Plastik (Cam Görünümlü),0.0,1,1,1,1,5.2,1.0,Android,1.0
9.478074806618269,6.67,IPS LCD,HD+,90.0,5000.0,1.0,45.0,0,50.0,0.0,1080p (Full HD),30.0,8.0,8.0,6.0,334.9,8.0,128.0,7.68,186.0,Unknown,0.0,1,1,1,1,5.0,1.0,Android,1.0
9.832023773727578,6.78,AMOLED,FHD+,120.0,6000.0,1.0,70.0,0,108.0,0.0,1440p (Quad HD) 2K,30.0,32.0,8.0,6.0,439.2,12.0,256.0,7.88,195.0,Plastik (Cam Görünümlü),0.0,1,1,1,1,5.3,1.0,Android,1.0
9.67213414236826,6.67,AMOLED,FHD+,60.0,4700.0,1.0,30.0,0,64.0,0.0,4320p (Ultra HD) 8K,30.0,20.0,8.0,7.0,756.2,8.0,256.0,8.9,219.0,Cam,0.0,1,1,1,1,5.1,1.0,Android,0.0
11.05089000537367,6.1,OLED,FHD+,60.0,4005.0,1.0,20.0,1,48.0,1.0,2160p (Ultra HD) 4K,60.0,12.0,6.0,3.0,1405700.0,8.0,512.0,7.8,167.0,Cam,0.0,1,1,1,1,5.3,1.0,iOS,1.0
11.05089000537367,6.42,AMOLED,FHD+,120.0,5750.0,1.0,70.0,1,50.0,1.0,2160p (Ultra HD) 4K,60.0,32.0,8.0,4.0,1157000.0,12.0,512.0,11.98,249.0,Unknown,0.0,1,1,1,1,5.3,1.0,Android,1.0
8.848078421168667,6.68,IPS LCD,HD+,90.0,5500.0,1.0,15.0,0,50.0,0.0,1080p (Full HD),30.0,5.0,8.0,12.0,247.1,4.0,128.0,8.1,198.0,Plastik (Metalik Görünümlü),0.0,1,1,1,1,5.0,0.0,Android,1.0
9.375939552625749,6.74,IPS LCD,HD+,90.0,5000.0,1.0,18.0,0,50.0,0.0,1080p (Full HD),30.0,8.0,8.0,12.0,276.6,8.0,256.0,8.09,192.0,Plastik (Cam Görünümlü),0.0,1,1,1,1,5.3,1.0,Android,1.0
9.367344120785848,6.4,Super AMOLED,FHD+,90.0,5000.0,1.0,67.0,0,108.0,0.0,1080p (Full HD),30.0,16.0,8.0,6.0,427.2,8.0,256.0,7.95,178.0,Unknown,0.0,1,1,1,1,5.2,1.0,Android,0.0
9.209990310711888,6.55,AMOLED,FHD+,90.0,4250.0,1.0,33.0,0,64.0,0.0,2160p (Ultra HD) 4K,30.0,16.0,8.0,8.0,411.9,6.0,128.0,6.81,157.0,Cam,0.0,1,1,1,1,5.1,1.0,Android,0.0
9.865670413911111,6.67,AMOLED,FHD+,120.0,5000.0,1.0,67.0,0,200.0,1.0,1080p (Full HD),60.0,16.0,8.0,6.0,433.2,12.0,512.0,7.98,179.0,Unknown,0.0,1,1,1,1,5.3,1.0,Android,1.0
9.02401079378469,6.67,IPS LCD,HD+,90.0,5000.0,1.0,45.0,0,50.0,0.0,1080p (Full HD),30.0,8.0,8.0,12.0,273.0,8.0,128.0,7.64,185.0,Unknown,0.0,1,1,1,1,5.0,1.0,Android,1.0
10.018651606095347,6.67,AMOLED,FHD+,120.0,5000.0,1.0,90.0,0,50.0,1.0,2160p (Ultra HD) 4K,60.0,20.0,8.0,4.0,1628600.0,8.0,256.0,7.8,179.0,Plastik (Cam Görünümlü),0.0,1,1,1,1,5.4,1.0,Android,1.0
9.175488023608962,6.4,Super AMOLED,FHD+,90.0,5000.0,1.0,67.0,0,108.0,0.0,1080p (Full HD),30.0,16.0,8.0,6.0,427.2,8.0,128.0,7.95,178.0,Unknown,0.0,1,1,1,1,5.2,1.0,Android,0.0
9.103311799217659,6.4,Super AMOLED,FHD+,90.0,5000.0,1.0,33.0,0,50.0,0.0,1080p (Full HD),30.0,16.0,8.0,6.0,408.0,8.0,128.0,7.95,178.0,Plastik (Cam Görünümlü),0.0,1,1,1,1,5.3,1.0,Android,0.0
10.811452924576287,6.1,OLED,FHD+,60.0,3227.0,1.0,20.0,1,12.0,1.0,2160p (Ultra HD) 4K,60.0,12.0,6.0,5.0,1550800.0,4.0,512.0,7.65,174.0,Cam,0.0,1,1,1,1,5.0,1.0,iOS,1.0
8.922279561145409,6.67,IPS LCD,FHD+,60.0,5020.0,1.0,18.0,0,48.0,0.0,2160p (Ultra HD) 4K,30.0,16.0,8.0,8.0,396.0,4.0,64.0,8.8,209.0,Cam,0.0,1,1,1,1,5.0,0.0,Android,1.0
8.006367567650246,5.5,Super AMOLED,HD,60.0,3000.0,0.0,40.0,0,13.0,0.0,1080p (Full HD),30.0,5.0,8.0,28.0,774.7,1.5,16.0,7.5,171.0,Plastik,0.0,1,1,1,1,4.1,0.0,Android,0.0
10.320512256990977,6.77,AMOLED,FHD+,120.0,6000.0,1.0,90.0,0,50.0,1.0,2160p (Ultra HD) 4K,30.0,50.0,8.0,4.0,806.1,12.0,256.0,7.39,199.0,Cam | Plastik (Cam Görünümlü),0.0,1,1,1,1,5.4,1.0,Android,1.0
9.852061617773284,6.67,AMOLED,FHD+,120.0,5100.0,1.0,67.0,0,64.0,1.0,2160p (Ultra HD) 4K,30.0,16.0,8.0,4.0,605.8,12.0,256.0,7.98,181.0,Plastik (Cam Görünümlü),0.0,1,1,1,1,5.2,1.0,Android,1.0
9.686574550972555,6.7,OLED,FHD+,120.0,4500.0,1.0,66.0,0,50.0,0.0,2160p (Ultra HD) 4K,30.0,60.0,8.0,6.0,590.9,8.0,256.0,6.88,168.0,Unknown,0.0,1,1,1,1,5.2,1.0,Android,0.0
10.868568448579715,6.1,OLED,FHD+,60.0,3279.0,1.0,20.0,1,12.0,1.0,2160p (Ultra HD) 4K,60.0,12.0,6.0,5.0,1381900.0,6.0,512.0,7.8,172.0,Cam,0.0,1,1,1,1,5.3,1.0,iOS,1.0
9.768125914605452,6.55,AMOLED,FHD+,120.0,4300.0,1.0,67.0,0,108.0,0.0,2160p (Ultra HD) 4K,30.0,32.0,8.0,6.0,598.1,8.0,256.0,7.29,173.0,Cam,0.0,1,1,1,1,5.2,1.0,Android,0.0
9.621551606102532,6.67,AMOLED,FHD+,120.0,5000.0,1.0,67.0,0,108.0,0.0,1080p (Full HD),30.0,16.0,8.0,6.0,774.7,8.0,256.0,8.12,205.0,Plastik (Cam Görünümlü),0.0,1,1,1,1,5.1,1.0,Android,1.0
9.723867343813835,6.67,AMOLED,FHD+,120.0,5000.0,1.0,67.0,0,108.0,0.0,2160p (Ultra HD) 4K,30.0,16.0,8.0,6.0,808.8,8.0,128.0,8.8,203.0,Cam,0.0,1,1,1,1,5.2,1.0,Android,1.0
8.237743803890933,5.5,IPS LCD,HD+,60.0,3000.0,0.0,40.0,0,8.0,0.0,1080p (Full HD),30.0,5.0,4.0,12.0,774.7,2.0,32.0,9.95,172.0,Plastik,0.0,1,1,1,1,4.2,0.0,Android,0.0
9.210340371976184,6.52,IPS LCD,HD+,60.0,5000.0,0.0,40.0,0,13.0,0.0,1080p (Full HD),30.0,8.0,8.0,12.0,774.7,4.0,64.0,8.4,190.0,Plastik (Cam Görünümlü),0.0,1,1,1,1,5.0,0.0,Android,0.0
8.987196820661973,6.53,IPS LCD,FHD+,60.0,4500.0,1.0,18.0,0,64.0,0.0,2160p (Ultra HD) 4K,30.0,20.0,8.0,12.0,439.2,6.0,64.0,8.8,199.0,Cam,0.0,1,1,1,1,5.0,1.0,Android,1.0
10.738702276399117,6.67,AMOLED,QHD+,120.0,6000.0,1.0,90.0,0,50.0,1.0,4320p (Ultra HD) 8K,24.0,20.0,8.0,4.0,2065300.0,12.0,512.0,8.12,206.0,Cam,0.0,1,1,1,1,5.4,1.0,Android,1.0
9.268609280100158,6.7,IPS LCD,HD+,120.0,5160.0,1.0,45.0,0,50.0,0.0,1440p (Quad HD) 2K,30.0,8.0,8.0,12.0,280.3,8.0,256.0,7.7,188.0,Plastik (Cam Görünümlü),0.0,1,1,1,1,5.3,1.0,Android,1.0
8.850230965588816,6.78,IPS LCD,FHD+,120.0,5000.0,1.0,40.0,0,64.0,0.0,1080p (Full HD),30.0,13.0,8.0,6.0,774.7,8.0,256.0,8.35,195.0,Unknown,0.0,1,1,1,1,5.2,1.0,Android,0.0
10.545245118280386,6.7,Dynamic AMOLED,FHD+,120.0,3700.0,1.0,25.0,1,12.0,1.0,2160p (Ultra HD) 4K,60.0,10.0,8.0,4.0,1258400.0,8.0,128.0,6.9,187.0,Cam,0.0,1,1,1,1,5.2,1.0,Android,1.0
8.58456020858473,6.75,IPS LCD,HD+,90.0,5000.0,0.0,40.0,0,48.0,0.0,Unknown,30.0,16.0,8.0,12.0,774.7,4.0,128.0,8.6,195.0,Unknown,0.0,1,1,1,1,5.0,0.0,Android,0.0
11.487607656985938,6.3,OLED,FHD+,120.0,3582.0,1.0,25.0,1,48.0,1.0,2160p (Ultra HD) 4K,60.0,12.0,6.0,3.0,1853700.0,8.0,1.0,8.25,199.0,Cam,0.0,1,1,1,1,5.3,1.0,iOS,1.0
8.696175846944678,6.75,IPS LCD,HD+,90.0,5200.0,1.0,22.5,0,50.0,0.0,1080p (Full HD),30.0,8.0,8.0,12.0,222.2,6.0,128.0,8.3,204.0,Plastik,0.0,1,1,1,1,5.2,1.0,Android,0.0
9.542735738013972,6.5,Super AMOLED,FHD+,90.0,6000.0,1.0,25.0,0,50.0,0.0,1080p (Full HD),30.0,13.0,8.0,6.0,370.3,4.0,128.0,9.3,217.0,Plastik,0.0,1,1,1,1,5.3,1.0,Android,0.0
11.047243683073516,6.7,AMOLED,QHD+,120.0,5000.0,1.0,100.0,0,50.0,1.0,4320p (Ultra HD) 8K,24.0,16.0,8.0,4.0,1516900.0,16.0,256.0,8.53,205.0,Cam,0.0,1,1,1,1,5.3,1.0,Android,1.0
